918,true,1247.5,32,Resign,White,10+0,leeleeradio,813,mccheese,841
931,true,1285.5,74,Resign,Black,14+12,mccheese,989,hortense,791
920,false,1386.5,50,Resign,Black,8+10,mccheese,857,maltegutsch,958
367,true,1393.0,26,Out of Time,Black,15+15,halma,884,rustam9,951
375,true,1436.0,80,Out of Time,Black,10+0,rustam9,998,juniohispano,937
1294,false,1462.0,98,Resign,Black,15+15,canexd,1104,irietk,910
553,true,1464.0,86,Draw,Draw,15+15,hill_j,1156,dezinto,886
924,true,1464.0,27,Mate,White,5+10,alonxo,1186,mccheese,871
568,true,1481.5,64,Resign,Black,15+15,hill_j,1147,skipskipskop,908
919,true,1485.5,86,Mate,Black,10+0,mccheese,857,robert_190,1057
927,true,1495.5,95,Mate,White,10+0,timequake,1203,mccheese,894
372,true,1514.5,95,Mate,White,10+0,bilabrin,1107,rustam9,961
379,true,1515.0,8,Out of Time,Black,10+0,gabriel_ml,998,rustam9,1016
926,true,1518.5,68,Resign,White,45+0,bajablast,1271,mccheese,883
634,true,1526.0,88,Out of Time,Black,5+5,ntam,1302,realmadrid69,875
124,true,1528.5,23,Mate,White,15+15,sassou,1215,memoryberat,921
368,true,1542.5,4,Out of Time,Black,15+15,rustam9,945,b3nszy,1070
534,true,1551.0,27,Resign,White,10+0,hill_j,1154,arwiz,974
562,true,1558.5,93,Mate,White,15+15,hill_j,1125,fercab777,996
925,true,1570.5,57,Mate,White,15+0,beril2009,1391,mccheese,875
374,true,1571.5,101,Mate,White,10+2,raza00,1203,rustam9,970
728,true,1574.0,65,Mate,White,5+8,theanonymousone,1322,costillar,913
930,true,1581.0,78,Resign,Black,30+10,mccheese,922,mustangsally,1120
41,false,1581.5,32,Draw,Draw,20+25,white_queen_1990,1207,shivangithegenius,978
560,true,1584.0,110,Out of Time,Black,10+0,hill_j,1114,spi2rone,1027
561,true,1590.0,45,Mate,White,15+15,wolfevelyn,914,hill_j,1133
569,true,1598.0,4,Resign,Black,15+15,skipskipskop,914,hill_j,1141
921,true,1598.0,39,Mate,White,10+2,harrrr,1478,mccheese,859
42,false,1598.5,71,Resign,Black,5+5,milestretch,1241,shivangithegenius,978
32,true,1602.0,64,Mate,Black,10+10,rv0209,1200,shivangithegenius,1002
383,true,1603.5,71,Draw,Draw,10+0,ck666,1071,rustam9,1068
370,true,1604.0,11,Mate,White,15+15,cris865,1238,rustam9,985
382,true,1605.5,60,Mate,Black,10+0,rustam9,1069,ck666,1071
366,true,1607.0,58,Resign,Black,10+0,rustam9,966,iamasd1,1124
380,true,1607.5,101,Out of Time,White,10+0,gus247,1127,rustam9,1044
22,false,1615.0,3,Resign,White,30+60,shivangithegenius,1094,themannichreaction,1068
373,true,1616.0,37,Resign,Black,10+0,rustam9,974,fiksse,1129
567,true,1617.0,56,Mate,Black,15+15,hill_j,1126,safran25,1054
565,true,1617.5,58,Mate,Black,15+15,six_moves_ahead,981,hill_j,1127
33,true,1620.5,54,Resign,White,10+10,vihaandumir,1203,shivangithegenius,1019
6,false,1627.0,5,Draw,Draw,10+0,trelynn17,1250,franklin14532,1002
1156,true,1631.0,29,Resign,White,15+5,jordanc100,1148,generiklemons,1057
376,true,1634.0,78,Resign,Black,10+0,rustam9,1016,rainbowstream,1126
932,true,1634.0,4,Resign,Black,30+0,mccheese,1026,bratt,1121
369,true,1634.5,118,Mate,Black,10+0,rustam9,971,bohne,1149
405,false,1637.5,53,Resign,White,25+0,jutton1,1357,deekay17,959
1155,true,1642.5,48,Resign,Black,30+0,generiklemons,1005,officiallyjochem,1140
556,true,1645.5,61,Mate,White,15+15,hill_j,1123,wazik,1084
558,true,1647.0,50,Mate,Black,15+15,trastindi,1070,hill_j,1112
923,true,1648.0,29,Resign,White,10+8,tommmmmmmmmm,1574,mccheese,861
48,false,1649.5,7,Resign,White,10+0,adnanraj,1343,shivangithegenius,978
929,false,1651.0,27,Resign,White,45+0,arthurmd,1500,mccheese,901
555,true,1654.0,86,Mate,Black,15+15,killuwatts,1042,hill_j,1133
734,true,1657.0,18,Resign,Black,60+120,theanonymousone,1362,hero100,976
16,false,1664.5,43,Resign,Black,15+15,sureka_akshat,1141,shivangithegenius,1094
18,false,1664.5,66,Mate,Black,15+16,sureka_akshat,1141,shivangithegenius,1094
377,true,1665.5,89,Out of Time,Draw,10+0,rustam9,1025,madmadge,1153
552,true,1666.0,12,Resign,Black,15+15,allstar321,1034,hill_j,1149
378,true,1674.5,42,Mate,Black,10+0,rustam9,1047,brainsurgery,1151
1233,true,1675.5,13,Resign,White,10+0,jesteroz,1279,protecteh,1036
546,true,1677.0,50,Mate,Black,15+15,leon_free,1030,hill_j,1162
29,true,1684.0,53,Resign,Black,10+10,shivangithegenius,1056,biyanivedant01,1156
35,false,1686.0,11,Resign,White,18+0,medovich,1422,shivangithegenius,975
30,true,1686.5,66,Mate,Black,10+10,shivangithegenius,1077,chinmaysharma,1148
15,false,1688.0,31,Mate,White,15+15,shivangithegenius,1094,sureka_akshat,1141
17,false,1688.0,52,Resign,Black,15+15,shivangithegenius,1094,sureka_akshat,1141
28,true,1702.0,54,Mate,Black,10+10,mannat1,1328,shivangithegenius,1038
535,true,1705.5,34,Resign,Black,15+15,hill_j,1167,vwhite,1122
547,true,1706.0,52,Resign,Black,15+15,hill_j,1176,bzhvarik,1118
696,true,1709.0,48,Resign,White,15+15,dbmcdonald,1142,zwickdendackl,1138
541,true,1709.5,40,Mate,Black,15+15,tomplfr,1089,hill_j,1165
381,true,1710.0,65,Out of Time,White,10+0,rustam9,1020,cromanoide,1200
31,true,1715.0,64,Resign,Black,10+10,biyanivedant01,1358,shivangithegenius,1036
1157,true,1721.0,14,Resign,Black,15+5,generiklemons,1142,vocka,1150
559,true,1722.5,16,Resign,White,15+15,hill_j,1099,doctormerp,1173
1225,true,1726.0,29,Out of Time,White,10+0,jesteroz,1286,cerebral,1083
39,false,1728.0,37,Resign,White,15+0,jojo58,1500,shivangithegenius,978
43,false,1728.0,30,Resign,White,30+0,stephen789,1500,shivangithegenius,978
45,false,1728.0,41,Resign,White,20+0,hmbrgr,1500,shivangithegenius,978
46,false,1728.0,49,Resign,White,15+0,jjwrchess,1500,shivangithegenius,978
52,false,1728.0,7,Resign,White,10+0,lucasimeon,1500,shivangithegenius,978
54,false,1728.0,36,Resign,Black,10+0,lucasimeon,1500,shivangithegenius,978
371,true,1733.0,163,Out of Time,Draw,10+0,rustam9,972,granham,1247
519,true,1733.0,39,Mate,White,15+2,tensors,1322,firstthebest,1072
940,false,1739.0,41,Resign,White,10+1,dlealgold,1034,mccheese,1222
611,true,1742.5,70,Out of Time,Black,10+0,vinhancock,1287,snaek161616,1099
730,true,1744.5,50,Mate,Black,30+0,theanonymousone,1353,marlowe43,1068
557,true,1745.5,53,Mate,White,15+15,czungun,1247,hill_j,1122
563,true,1746.0,105,Resign,White,15+15,karfedericol,1242,hill_j,1125
935,true,1748.5,15,Mate,White,30+0,chondrolli,1331,mccheese,1083
529,true,1756.0,15,Resign,White,15+15,hill_j,1172,piotrpiotr,1170
26,true,1758.0,69,Mate,White,10+10,shivangithegenius,1078,sureka_akshat,1219
1295,false,1759.0,74,Mate,Black,15+15,canexd,1104,lordmete,1207
24,true,1759.5,36,Resign,White,10+0,robotsmoke,1307,shivangithegenius,1106
1236,true,1760.5,57,Mate,White,10+0,jesteroz,1277,ezequiel95,1122
462,true,1762.0,11,Resign,White,5+5,fischerdipper,1646,underhman,939
37,true,1762.5,28,Resign,White,10+0,rico21,1569,shivangithegenius,978
936,true,1763.0,37,Resign,White,20+5,j_karlo,1266,mccheese,1130
527,true,1764.0,45,Resign,White,10+0,bassim,1170,hill_j,1179
933,true,1768.5,44,Resign,Black,8+0,mccheese,1057,jacknocler,1240
1216,true,1769.5,33,Mate,White,10+0,jesteroz,1257,gymhgy,1141
1248,false,1770.0,110,Resign,Black,10+0,crabcake,1016,jesteroz,1262
526,true,1771.5,32,Resign,Black,15+15,blinskey,1007,anotherchessplayer1,1268
256,false,1772.0,43,Resign,White,10+4,thegrim123321,1346,batuhh,1099
566,true,1774.5,65,Mate,White,15+15,hill_j,1111,mogadorlionne,1219
531,true,1775.5,59,Resign,White,15+15,beef_cake,1171,hill_j,1190
549,true,1776.0,61,Resign,White,15+15,joaomatz,1184,hill_j,1184
122,true,1778.0,59,Mate,White,10+0,cdvh,1706,dashy1,925
384,true,1780.5,44,Resign,Black,10+0,rustam9,1115,davidmcdavidface,1223
538,true,1781.0,74,Mate,Black,10+0,minigunexplosive,1250,hill_j,1156
127,true,1781.5,120,Draw,Draw,15+15,sureka_akshat,1139,sassou,1212
200,false,1789.0,106,Mate,Black,30+0,marmoraka5,968,taranga,1305
928,true,1789.5,40,Mate,Black,20+3,mccheese,901,reze,1339
537,true,1792.5,73,Resign,White,15+15,gabofd,1245,hill_j,1170
533,true,1796.5,22,Resign,Black,15+15,plahbrogan,1273,hill_j,1160
554,true,1797.0,27,Mate,White,15+15,hill_j,1142,tricky-trojan,1226
141,true,1800.5,95,Mate,White,15+15,sassou,1223,agilm,1189
564,true,1800.5,60,Resign,Black,15+15,hill_j,1133,karfedericol,1234
385,true,1808.0,20,Resign,Black,10+0,rustam9,1190,danst3rs,1213
718,true,1808.5,62,Resign,Black,10+0,wiggleitjiggleit,1455,jourapoura,1081
737,true,1811.5,125,Mate,White,90+120,tedcarter,911,theanonymousone,1356
1219,true,1811.5,100,Out of Time,Black,10+0,jesteroz,1277,riccovieira,1173
1221,true,1811.5,95,Out of Time,Draw,10+0,jesteroz,1291,apolo6612,1166
542,true,1812.0,77,Resign,White,10+0,plengkung,1278,hill_j,1173
1226,true,1812.0,75,Out of Time,White,10+0,jesteroz,1278,hashashinsquad,1173
551,true,1812.5,51,Resign,White,15+15,hill_j,1157,srspanks,1234
1211,true,1814.5,57,Resign,White,10+0,montromsey,1185,jesteroz,1222
153,true,1816.0,35,Resign,White,15+15,dangerflaps,1186,sassou,1223
154,true,1818.0,85,Mate,White,15+15,sassou,1212,shazzam9999,1212
151,false,1823.5,77,Mate,White,10+2,gotochess,1191,sassou,1228
516,true,1825.0,52,Resign,Black,15+2,tensors,1352,gambeet21,1149
144,true,1826.5,12,Draw,Draw,15+15,sassou,1215,lumipa,1219
148,true,1827.0,72,Mate,Black,15+15,gonzalogp98,1212,sassou,1221
939,false,1829.0,33,Resign,White,15+15,mauroduprat,1214,mccheese,1222
143,true,1829.5,97,Mate,White,15+15,failedocean,1227,sassou,1216
1215,true,1830.5,29,Resign,White,10+0,gymhgy,1133,jesteroz,1264
613,true,1835.5,75,Resign,White,10+0,alihasanzadeh,1211,snaek161616,1230
404,false,1836.5,47,Resign,White,25+0,deekay17,959,jutton1,1357
406,false,1836.5,76,Mate,Black,25+0,deekay17,959,jutton1,1357
726,true,1836.5,62,Resign,Black,10+3,theanonymousone,1325,polasara,1174
540,true,1837.5,26,Resign,Black,15+15,hill_j,1173,smashtoblack,1251
550,true,1837.5,19,Resign,White,15+15,hill_j,1171,elcid_barrett,1252
226,true,1839.0,55,Mate,White,20+5,taranga,1240,kingofchess2017,1219
145,true,1840.5,30,Resign,White,15+15,fastandbulbous420,1227,sassou,1227
123,true,1841.0,26,Out of Time,Black,15+15,mosheaugustyn,1244,sassou,1219
132,true,1842.0,24,Resign,Black,15+15,trelynn17,1132,sassou,1276
20,false,1844.0,25,Resign,White,11+0,g-ios,1500,shivangithegenius,1094
23,false,1844.0,17,Resign,White,15+5,storm28rus,1500,shivangithegenius,1094
539,true,1845.0,92,Resign,Black,10+0,hill_j,1164,martan1208,1263
545,true,1846.5,73,Out of Time,White,10+0,agarahman,1353,hill_j,1170
19,false,1847.0,101,Resign,Black,15+15,shivangithegenius,1094,slam_ment,1300
1228,true,1848.5,40,Resign,Black,10+0,showview,1173,jesteroz,1262
225,true,1850.0,113,Mate,White,10+0,hallowdance,1232,taranga,1234
610,true,1850.5,52,Out of Time,Black,10+0,snaek161616,1245,labg141,1228
215,false,1851.0,74,Resign,White,15+0,taranga,1280,italiantranslator,1211
631,true,1856.0,71,Mate,White,10+5,ntam,1100,twizzcliff,1306
548,true,1857.5,11,Mate,White,15+15,calvelame,1353,hill_j,1181
1227,true,1857.5,52,Mate,Black,10+0,sirdragon1,1175,jesteroz,1270
1158,true,1859.0,61,Mate,White,10+0,sorrowsea,1066,generiklemons,1326
515,true,1859.5,40,Mate,Black,15+2,tensors,1345,fran_1991,1187
1235,true,1860.0,55,Mate,White,10+0,mushnik,1152,jesteroz,1284
1239,true,1863.0,23,Mate,White,10+0,jesteroz,1260,rjh24,1233
738,true,1867.0,104,Resign,Black,15+8,theoldnewb,1030,theanonymousone,1352
630,true,1867.5,51,Resign,White,5+5,juddah,1261,ntam,1237
1223,true,1869.0,44,Resign,Black,10+0,ss-fitz,1136,jesteroz,1301
691,true,1869.5,32,Mate,Black,20+0,noddlep2,1209,dkermanns,1265
934,false,1869.5,45,Resign,Black,30+0,mccheese,1057,jubei,1341
1213,true,1871.0,115,Mate,White,10+0,ryanfeatherman,1262,jesteroz,1240
130,true,1873.5,62,Resign,Black,15+15,sassou,1275,bagelsfu,1236
544,true,1875.0,51,Mate,White,15+15,hill_j,1164,zaraki2103,1293
125,true,1876.0,118,Mate,Black,15+15,fatmat,1350,sassou,1201
203,true,1876.0,111,Mate,White,7+2,taranga,1288,jamila1234,1232
139,true,1877.0,39,Mate,White,15+15,sassou,1248,shobik24,1253
974,false,1878.5,58,Mate,Black,15+0,dipking1,1297,lipecrp,1230
134,true,1880.0,37,Resign,Black,15+15,laeufer26,1228,sassou,1266
607,false,1881.5,71,Out of Time,White,10+0,a_raccoon,1435,snaek161616,1164
126,true,1885.0,66,Mate,Black,15+15,sassou,1210,alpheus23,1280
216,false,1885.5,28,Mate,Black,15+0,italiantranslator,1211,taranga,1280
498,true,1887.5,42,Resign,Black,15+15,tensors,1295,blackhat46,1240
1234,true,1888.5,104,Resign,Black,10+0,materna,1239,jesteroz,1269
1231,true,1889.5,52,Resign,Black,10+0,lynosbc,1235,jesteroz,1272
536,true,1890.5,79,Out of Time,White,10+0,virgil777,1439,hill_j,1171
524,true,1893.5,31,Mate,White,15+15,anotherchessplayer1,1223,aig7,1282
254,true,1894.0,31,Mate,White,45+30,thegrim123321,1354,onafets26,1217
632,false,1895.0,49,Mate,White,10+5,ca-va-lier,1590,ntam,1100
509,true,1895.5,56,Resign,Black,15+2,czarek77,1209,tensors,1291
697,true,1895.5,54,Out of Time,Black,10+0,dbmcdonald,1263,fatih221b,1264
147,true,1896.5,11,Resign,White,15+15,goodolddaystr,1325,sassou,1234
500,false,1899.0,23,Resign,Black,15+2,tensors,1302,piedperson,1248
10,true,1899.5,119,Mate,White,10+0,daniel_likes_chess,1381,mirco25,1209
140,true,1900.5,58,Mate,Black,15+15,maninayebi,1335,sassou,1233
1232,true,1903.0,26,Resign,Black,10+0,jesteroz,1284,goncalossantos,1261
528,true,1904.0,25,Resign,White,10+0,stonedragon,1442,hill_j,1183
1222,true,1905.0,75,Mate,White,10+0,nikita0690,1194,jesteroz,1308
1217,true,1906.5,17,Mate,White,10+0,styve_lam,1279,jesteroz,1267
1224,true,1907.5,87,Mate,White,10+0,jesteroz,1291,messchess777,1262
193,false,1908.5,124,Mate,Black,8+0,taranga,1283,whfo,1267
1214,true,1911.0,70,Mate,Black,10+0,jesteroz,1250,nikita11,1286
731,true,1912.5,58,Mate,Black,10+9,nikosioannidis,1131,theanonymousone,1347
194,true,1915.0,96,Resign,Black,10+4,phileasfrog,1290,taranga,1270
532,true,1916.5,51,Resign,White,15+15,hill_j,1175,justin2718,1329
1244,true,1919.0,84,Resign,Black,5+5,cabritas,1342,jesteroz,1248
152,true,1921.0,32,Resign,Black,30+0,quent0,1422,sassou,1210
733,false,1921.5,56,Resign,Black,3+8,eouen,1163,theanonymousone,1340
1218,true,1921.5,19,Resign,White,10+0,dohiblundered,1315,jesteroz,1264
2,true,1922.0,16,Resign,Black,5+10,a-00,1322,skinnerua,1261
55,true,1922.5,8,Resign,White,16+0,wing175,1521,gerfsh,1162
142,true,1925.5,2,Resign,Black,15+15,pune123,1443,sassou,1204
1230,true,1926.0,64,Resign,Black,10+0,jesteroz,1282,mikavds,1285
501,true,1927.0,32,Resign,Black,10+0,tensors,1314,shelob,1270
922,false,1929.5,31,Resign,White,15+0,mccheese,859,orleibuiatti,1500
138,true,1931.0,85,Mate,White,15+15,rougethunder,1316,sassou,1273
402,false,1933.5,53,Resign,White,30+0,jutton1,1383,febozn,1242
523,true,1934.0,58,Resign,Black,15+15,aig7,1270,anotherchessplayer1,1299
530,true,1935.0,62,Resign,Black,15+15,hill_j,1178,armo96,1346
1229,true,1935.5,73,Mate,White,10+0,kann2014,1329,jesteroz,1271
233,true,1937.5,91,Resign,White,20+10,thegrim123321,1377,batatinhaazul,1249
732,true,1938.5,64,Resign,Black,10+0,macripoly,1197,theanonymousone,1340
522,true,1940.0,33,Resign,White,15+15,anotherchessplayer1,1350,baygonv,1265
1,false,1941.0,13,Out of Time,White,15+2,bourgris,1500,a-00,1191
477,true,1941.0,128,Draw,Draw,10+3,fischerdipper,1686,coco31,1098
250,true,1942.0,23,Out of Time,White,5+5,thegrim123321,1370,ziogasparo14,1257
196,true,1944.0,39,Mate,White,10+0,piroz_xucestih,1304,taranga,1292
729,true,1944.0,23,Resign,White,15+0,garib33gg,1224,theanonymousone,1332
197,true,1945.5,10,Mate,Black,10+0,taranga,1305,piroz_xucestih,1293
133,false,1946.0,47,Resign,White,30+2,sassou,1276,maougnassou,1308
136,true,1946.0,9,Resign,White,15+15,mdaboczi,1338,sassou,1277
195,true,1946.5,53,Out of Time,White,12+0,patrizio67,1331,taranga,1281
479,true,1949.0,51,Mate,White,10+3,fischerdipper,1684,coco31,1107
1212,true,1949.0,72,Mate,Black,10+0,jesteroz,1230,fleischer14,1334
1253,false,1949.5,137,Mate,White,10+0,axelpro446,1501,bamarillobiller,1199
525,true,1950.5,15,Resign,White,15+15,eltiago,1289,anotherchessplayer1,1306
128,true,1951.0,36,Mate,Black,15+15,sassou,1220,kapi77,1341
635,true,1952.0,11,Draw,Draw,7+5,dmitry1111,1234,ntam,1335
199,true,1953.0,18,Resign,Black,15+0,cesar1945,1296,taranga,1305
1220,true,1953.0,27,Mate,White,10+0,makar_batulin,1332,jesteroz,1287
257,true,1955.0,105,Resign,White,9+2,thegrim123321,1336,an73r05,1287
207,false,1955.5,42,Resign,White,7+2,taranga,1289,yugesh_naidu,1311
155,true,1957.0,50,Resign,Black,15+15,sassou,1228,chessn00b47,1343
231,false,1957.0,29,Resign,Black,30+0,thegrim123321,1384,jdominguez,1265
1237,true,1959.0,97,Out of Time,White,10+0,jesteroz,1264,maksimushouse,1327
938,true,1962.0,58,Resign,Black,20+0,mccheese,1222,maia0411,1351
11,false,1962.5,39,Mate,White,20+60,daniel_likes_chess,1381,anaissac,1272
690,true,1962.5,40,Resign,White,10+0,knight602,1351,kskatem,1287
137,true,1967.5,47,Mate,White,15+15,sassou,1263,marktop1,1336
255,true,1968.5,38,Resign,Black,15+15,shivcool,1245,thegrim123321,1346
198,true,1971.0,51,Mate,White,10+0,lelik3310,1308,taranga,1317
129,true,1976.0,26,Mate,Black,15+15,sassou,1234,cohiba_313,1359
25,true,1979.5,13,Resign,Black,10+0,shivangithegenius,1113,ivangonzalez123,1423
508,true,1980.0,84,Resign,Black,15+2,tensors,1300,facuuu,1330
543,true,1980.0,58,Resign,Black,15+15,hill_j,1178,menorca666,1391
512,true,1982.0,67,Resign,White,15+2,spetsnaz_gm,1348,tensors,1308
504,true,1983.0,41,Mate,White,15+15,yorashi,1300,tensors,1333
475,true,1987.0,15,Mate,White,10+3,fischerdipper,1678,coco31,1148
38,false,1989.0,22,Resign,Black,15+0,shivangithegenius,978,jojo58,1500
47,false,1989.0,3,Resign,Black,15+0,shivangithegenius,978,jjwrchess,1500
51,false,1989.0,5,Resign,Black,10+0,shivangithegenius,978,balkarec,1500
53,false,1989.0,53,Mate,White,10+0,shivangithegenius,978,lucasimeon,1500
514,true,1991.0,103,Resign,White,15+2,ineedaname,1324,tensors,1329
1238,true,1991.0,17,Mate,White,10+0,mellowg7,1442,jesteroz,1270
27,true,1991.5,43,Resign,White,10+10,gmcarlsen403,1825,shivangithegenius,1079
296,true,1996.0,44,Resign,White,15+15,nadanadora,1340,gatorman,1326
131,true,1998.5,37,Resign,White,15+15,sabayossi,1433,sassou,1282
1247,true,1998.5,144,Mate,Black,10+0,jesteroz,1265,tambwe,1366
146,true,2000.0,43,Mate,White,10+0,minimouf,1550,sassou,1225
213,true,2001.5,73,Mate,White,15+1,moon50,1409,taranga,1297
236,true,2001.5,48,Mate,Black,10+2,deragon63,1261,thegrim123321,1371
1249,true,2003.5,47,Mate,White,10+0,jesteroz,1247,d_daniljev,1380
205,false,2004.5,101,Out of Time,White,7+2,blassterkal,1431,taranga,1289
208,false,2004.5,118,Resign,Black,7+2,blassterkal,1431,taranga,1289
386,true,2005.5,41,Resign,White,10+0,sergeares,1337,rustam9,1337
619,true,2007.0,36,Resign,Black,10+0,joydivisions,1378,alkeal,1318
242,true,2007.5,23,Resign,White,15+15,rookreversal,1217,thegrim123321,1399
1246,true,2008.5,19,Resign,Black,10+0,jesteroz,1257,paynando,1380
34,false,2009.5,21,Resign,Black,15+3,shivangithegenius,1019,shamlanaseer,1500
240,true,2012.0,110,Draw,Draw,15+3,thegrim123321,1372,merthy70,1326
251,true,2012.0,31,Resign,White,10+3,thegrim123321,1360,tcgil,1332
507,true,2012.0,41,Mate,White,15+2,tensors,1290,egroka,1367
252,false,2015.5,51,Resign,White,10+0,andre94,1311,thegrim123321,1360
239,true,2016.0,11,Resign,White,10+0,piechess97,1290,thegrim123321,1371
230,false,2017.0,33,Resign,Black,10+2,thegrim123321,1384,robin512,1325
499,true,2017.0,63,Resign,White,15+2,fabioamsouza,1430,tensors,1302
606,false,2017.0,35,Mate,White,11+5,snaek161616,1164,a_raccoon,1435
608,false,2017.0,46,Resign,White,11+5,snaek161616,1164,a_raccoon,1435
401,true,2021.5,121,Resign,White,15+5,jutton1,1383,ahmedham,1330
736,true,2021.5,24,Resign,Black,10+0,radioactive7,1375,theanonymousone,1334
59,true,2022.5,44,Resign,Black,10+0,wpc96,1457,tbaruel,1294
513,true,2025.0,56,Resign,Black,15+2,tensors,1318,thinkingmanga63,1366
1241,true,2026.0,72,Mate,Black,10+0,jesteroz,1268,kikume,1392
223,true,2027.5,37,Mate,White,10+0,taranga,1221,hsanderr,1417
521,true,2027.5,41,Resign,White,15+2,olesam,1373,tensors,1341
506,true,2028.0,38,Resign,Black,15+2,sdw207,1450,tensors,1303
612,false,2032.0,49,Resign,White,10+15,caernarfon,1866,snaek161616,1099
246,true,2033.5,29,Resign,Black,30+10,thegrim123321,1389,dantesmontecristo,1339
502,false,2036.5,73,Resign,White,15+2,grafy,1445,tensors,1314
245,true,2039.5,103,Mate,White,15+2,thegrim123321,1377,tecnoch,1351
941,true,2040.5,46,Resign,White,7+7,kingtotos,1535,mccheese,1273
518,true,2041.5,23,Resign,White,15+2,pearicetea,1403,tensors,1340
222,true,2045.0,60,Mate,Black,10+0,trotil45,1614,taranga,1238
135,true,2045.5,24,Resign,Black,15+15,sassou,1273,popsun,1409
689,true,2046.0,66,Resign,Black,10+0,mani66,1372,knight602,1360
1242,true,2046.5,34,Resign,Black,10+0,jesteroz,1259,goldenrod,1417
520,true,2047.5,52,Resign,Black,15+2,tensors,1331,olesam,1382
1028,false,2047.5,65,Mate,White,20+0,soprotheygowhoa,1343,kasipor,1376
202,true,2049.0,59,Mate,White,7+2,xapoh,1500,taranga,1299
219,true,2050.0,40,Mate,Black,15+1,moon50,1560,taranga,1270
235,true,2050.0,49,Mate,White,10+2,thegrim123321,1378,baconneggs,1361
238,true,2052.5,87,Mate,White,10+0,thegrim123321,1369,danilo1961,1368
735,true,2055.0,43,Resign,White,10+0,theanonymousone,1348,antonydoytchev,1381
688,true,2059.5,37,Resign,White,10+0,knight602,1371,cistajeba,1374
400,true,2060.0,76,Resign,Black,15+5,ahmedham,1320,jutton1,1400
937,true,2061.5,22,Resign,Black,12+0,mccheese,1155,perumanta,1484
241,true,2063.5,24,Resign,White,6+7,thekingdomcome,1361,thegrim123321,1383
510,true,2067.5,30,Resign,Black,15+2,tensors,1299,fischerfisch,1418
1027,false,2069.0,55,Resign,White,8+3,samuelwise,1452,soprotheygowhoa,1343
1011,false,2071.0,77,Mate,White,5+8,aidenleahycrooks,1862,chmc,1140
415,false,2072.5,41,Out of Time,White,10+0,jonikss,1245,energique,1450
249,true,2075.5,46,Mate,Black,8+0,annael88,1395,thegrim123321,1378
1184,false,2076.0,36,Resign,Black,180+0,danylee84,1126,kaushik007,1513
234,true,2076.5,53,Resign,White,9+0,kingestee33,1375,thegrim123321,1389
409,true,2078.5,17,Resign,White,30+5,cagliostro97,1517,fora-franc,1320
1033,false,2079.0,15,Mate,White,5+8,intrepido,1500,lucaspsy,1329
684,true,2082.0,91,Mate,White,10+0,knight602,1398,dumas27,1383
739,false,2084.0,29,Resign,White,5+5,theanonymousone,1352,suck-it-sibar,1408
777,true,2084.0,31,Resign,Black,10+0,chessgoals,1426,skorlions28,1371
149,true,2091.0,156,Mate,Black,15+15,sassou,1226,vladimir_shindin,1478
403,true,2091.5,116,Out of Time,Black,16+0,agabek1948,1469,jutton1,1357
685,true,2092.5,35,Resign,White,10+0,knight602,1387,leolayon,1399
396,true,2094.0,67,Resign,White,10+0,spikyturtle,1372,chess133,1408
247,false,2094.5,22,Resign,Black,30+15,thegrim123321,1389,gallosantoss,1400
722,true,2095.0,78,Resign,Black,10+0,vkmansftw,1308,wiggleitjiggleit,1441
218,true,2098.0,104,Resign,Black,15+1,taranga,1288,moon50,1454
683,false,2100.0,21,Out of Time,White,180+0,knight602,1408,connorslaskowski,1396
1252,false,2100.5,54,Mate,Black,10+0,bamarillobiller,1199,axelpro446,1501
1254,false,2100.5,81,Mate,White,10+0,bamarillobiller,1199,axelpro446,1501
705,false,2101.0,33,Mate,White,10+0,bloonfreakster,1478,sd56,1362
95,true,2102.0,62,Mate,Black,20+10,amary33,1134,oldpaths,1535
517,true,2104.0,57,Draw,Draw,15+2,tensors,1350,djjohnson,1429
393,true,2105.0,15,Mate,White,5+8,rfabian,1476,spikyturtle,1367
399,true,2105.0,125,Mate,White,8+0,pllm,1382,jutton1,1414
719,true,2107.0,30,Resign,Black,10+0,antitexnik,1318,wiggleitjiggleit,1448
229,true,2108.0,97,Out of Time,White,10+0,dbschultz,1500,nienkotter,1358
505,true,2108.0,43,Resign,White,15+2,tensors,1318,montex,1449
9,true,2111.5,66,Resign,Black,15+0,ehabfanri,1439,daniel_likes_chess,1392
503,true,2111.5,90,Resign,Black,15+15,tensors,1321,ivanchenko-andriy,1451
201,false,2112.5,38,Mate,Black,15+15,taranga,1293,vikrant_dalvi,1466
414,false,2113.5,34,Resign,White,15+15,sumipcg,1327,energique,1450
605,false,2114.5,73,Mate,White,10+5,caernarfon,1901,snaek161616,1164
395,true,2116.0,65,Mate,White,5+8,rfabian,1460,spikyturtle,1386
70,true,2116.5,44,Resign,Black,20+5,oldpaths,1563,efer003,1335
237,true,2119.0,20,Resign,Black,10+9,thegrim123321,1380,brainiac007,1429
687,true,2120.5,56,Resign,Black,10+0,negativegerilla,1479,knight602,1381
428,true,2121.5,49,Resign,White,16+7,kyanh,1591,nasa179,1326
244,false,2124.0,34,Resign,Black,20+0,arrigo,1474,thegrim123321,1387
214,true,2125.0,159,Mate,White,15+1,taranga,1280,moon50,1485
209,false,2128.5,34,Resign,Black,7+2,taranga,1289,andreas636,1484
694,true,2133.0,65,Resign,Black,30+0,cheateralert,1528,dbmcdonald,1369
281,true,2136.5,87,Mate,White,10+0,tabellaria,1515,blackphish,1379
392,true,2137.0,34,Resign,Black,10+0,master22ar,1558,spikyturtle,1358
419,true,2137.5,83,Resign,White,10+0,energique,1439,p4i2p0e,1418
633,false,2140.0,34,Mate,Black,10+5,ntam,1100,ca-va-lier,1590
243,true,2140.5,81,Mate,White,15+30,thegrim123321,1387,ranie123,1447
1245,true,2140.5,29,Mate,White,10+0,arturo666,1783,jesteroz,1249
1240,false,2143.5,54,Resign,White,10+2,rhudoris,1767,jesteroz,1260
212,false,2144.5,21,Out of Time,White,5+8,taranga,1289,snapper,1500
398,false,2145.0,130,Mate,Black,8+0,senormontypants,1500,jutton1,1395
1185,true,2145.0,98,Resign,Black,20+0,kardoph,1286,kaushik007,1502
713,true,2148.0,54,Resign,Black,10+0,wiggleitjiggleit,1454,wachmacher,1421
973,false,2148.5,42,Mate,Black,10+1,dipking1,1297,mario011,1500
58,true,2149.0,30,Resign,Black,10+0,anrk,1414,wpc96,1442
747,true,2149.0,23,Resign,White,5+8,slon-al,1798,weifi,1250
715,true,2150.5,34,Resign,Black,10+0,blazingheart,1387,wiggleitjiggleit,1457
439,true,2152.5,59,Resign,Black,10+0,kyanh,1507,nightshade7,1399
272,true,2155.5,70,Resign,Black,10+0,pablocas,1355,eideral,1478
716,true,2155.5,122,Resign,Black,10+0,imlimbad,1417,wiggleitjiggleit,1447
394,true,2157.0,52,Resign,Black,5+8,spikyturtle,1376,rfabian,1469
717,true,2157.0,51,Mate,White,10+0,wiggleitjiggleit,1436,simplymaster,1439
942,true,2159.0,36,Mate,Black,10+10,mccheese,1500,homersimpson1,1409
721,true,2160.0,32,Resign,Black,10+0,wiggleitjiggleit,1448,penguin_lo,1436
695,true,2160.5,37,Resign,White,30+0,dbmcdonald,1231,cheateralert,1545
970,false,2162.0,50,Out of Time,Black,5+8,ahuang,1500,hrynio92,1412
727,false,2162.5,104,Mate,Black,15+1,theanonymousone,1325,leaving_at_dawn,1500
1181,true,2162.5,68,Mate,Black,6+9,tmc1697,1299,kaushik007,1513
720,true,2164.5,79,Out of Time,White,10+0,wiggleitjiggleit,1437,simplymaster,1446
693,true,2166.0,89,Mate,White,8+0,wilk,1332,noddlep2,1500
390,true,2168.0,19,Mate,White,10+0,lodowy,1590,spikyturtle,1373
452,true,2169.0,46,Draw,Draw,7+5,jobwoge,1356,kyanh,1491
93,true,2170.0,28,Resign,White,20+10,oldpaths,1542,gabrielsol,1399
84,true,2170.5,58,Mate,Black,15+5,allahdeweswin,1251,oldpaths,1545
220,true,2171.0,44,Mate,Black,15+1,taranga,1274,moon50,1534
1032,false,2171.0,31,Resign,White,5+8,intrepido,1500,ikimoi,1421
614,true,2172.0,61,Mate,White,10+0,diz_stack,1344,snaek161616,1500
4,true,2173.5,61,Mate,White,20+0,daniamurashov,1439,adivanov2009,1454
426,true,2174.0,43,Resign,White,5+9,kyanh,1576,sabir747,1386
85,true,2176.5,71,Resign,White,15+5,oldpaths,1537,antoniogallero,1408
61,true,2182.5,37,Resign,Black,8+10,iskendermyucel,1207,oldpaths,1579
7,true,2183.0,33,Resign,White,10+0,capa_jr,1520,daniel_likes_chess,1423
1187,false,2184.0,128,Draw,Draw,10+0,care_404,1406,kaushik007,1481
286,true,2185.0,14,Mate,Black,10+0,pasch0s,1490,tabellaria,1440
714,true,2187.0,43,Resign,White,10+0,pv2017,1444,wiggleitjiggleit,1465
91,true,2187.5,51,Resign,White,20+10,oldpaths,1539,hoanghieudro2,1418
73,true,2191.5,54,Mate,Black,20+5,aminox,1207,oldpaths,1588
206,false,2192.0,15,Mate,White,7+2,striker123,1806,taranga,1289
211,false,2192.0,66,Resign,Black,7+2,striker123,1806,taranga,1289
707,true,2192.5,102,Mate,Black,8+5,romaniuk,1453,bloonfreakster,1466
711,true,2193.5,59,Resign,Black,10+0,bloonfreakster,1479,banana_boat,1454
778,true,2194.5,68,Resign,Black,10+0,chessgoals,1437,alex_smite,1476
417,true,2195.0,51,Resign,White,10+0,mahdifoladi,1462,energique,1464
97,true,2195.5,38,Resign,White,20+10,oldpaths,1501,ryan94,1445
49,false,2196.0,35,Mate,White,40+40,rajuppi,2436,shivangithegenius,978
50,false,2196.0,41,Mate,White,40+40,rajuppi,2436,shivangithegenius,978
698,true,2196.0,43,Mate,White,15+15,sotochka,1392,dbmcdonald,1500
1159,true,2196.5,59,Mate,White,10+0,cicuta,1625,generiklemons,1384
459,true,2197.0,71,Mate,White,5+5,fischerdipper,1626,george_35,1384
1186,true,2197.5,56,Mate,Black,5+5,moi34,1433,kaushik007,1481
355,true,2199.0,38,Resign,White,5+7,tfeng,1560,agusfil,1419
44,false,2199.5,66,Resign,White,40+40,rajuppi,2443,shivangithegenius,978
944,false,2201.0,49,Resign,White,10+10,chess-brahs,1950,adei,1226
1200,true,2202.0,75,Resign,White,7+5,chessvariants,1436,arakul34,1484
40,false,2202.5,34,Resign,White,30+30,rajuppi,2449,shivangithegenius,978
423,true,2202.5,38,Resign,White,10+0,kyanh,1559,alexharut,1423
56,true,2203.5,3,Resign,White,6+10,caramiecho72,1407,gerfsh,1500
57,true,2204.0,28,Resign,White,10+0,mazyaraghgmail,1492,wpc96,1458
511,false,2206.0,6,Resign,White,40+20,nf1951,1814,tensors,1299
686,true,2209.0,50,Mate,Black,10+0,knight602,1394,bababird,1512
285,true,2210.0,21,Mate,White,10+0,tabellaria,1470,little---a,1475
418,true,2211.0,79,Mate,White,10+0,energique,1450,transporter7506,1486
702,true,2211.5,56,Mate,Black,10+0,venetosergio,1467,bloonfreakster,1478
81,true,2212.0,61,Resign,White,15+5,oldpaths,1552,geburah,1436
271,true,2212.5,29,Mate,White,7+3,eideral,1513,atorius,1456
1188,true,2216.0,132,Mate,Black,8+5,kaushik007,1510,ivica014,1461
253,false,2217.0,87,Mate,White,20+0,lanas2007,1714,thegrim123321,1360
1243,true,2218.5,56,Mate,Black,15+0,jesteroz,1263,nano51,1587
291,true,2219.5,6,Out of Time,Black,10+2,mejjes,1217,nadanadora,1611
295,true,2222.5,29,Mate,White,15+15,nadanadora,1453,googol100,1496
21,false,2223.0,14,Resign,Black,15+15,shivangithegenius,1094,lex_v1,1676
442,true,2225.0,56,Resign,Black,10+0,martinlutherking,1482,kyanh,1484
838,false,2226.0,61,Out of Time,White,12+1,ducksandcats,1830,muligan07,1311
284,true,2227.0,67,Resign,Black,10+0,little---a,1464,tabellaria,1495
704,false,2228.0,60,Resign,Black,10+0,a7twen,1500,bloonfreakster,1478
60,true,2228.5,29,Resign,White,10+0,acahn,1525,wpc96,1466
337,true,2228.5,47,Mate,White,10+0,tfeng,1619,locomotora,1419
706,false,2229.0,83,Resign,White,15+0,bloonfreakster,1478,x6sapnupuas9x,1490
5,true,2230.5,95,Mate,White,30+3,nik221107,1523,adivanov2009,1469
69,true,2233.0,61,Resign,White,15+5,oldpaths,1544,trump216bc,1461
901,true,2234.0,123,Mate,White,10+0,cookieblake,1534,philcal,1467
478,true,2236.0,48,Resign,Black,10+3,coco31,1102,fischerdipper,1685
1201,true,2236.0,104,Draw,Draw,14+8,demas,1638,chessvariants,1417
893,true,2236.5,5,Resign,White,20+0,christina-a-11,1787,zakitrissi,1343
620,true,2237.0,64,Resign,Black,10+0,alkeal,1500,jordanson,1487
908,true,2237.5,88,Mate,Black,10+0,burkhab,1369,cookieblake,1553
703,false,2239.0,77,Mate,White,10+0,bloonfreakster,1478,a7twen,1500
150,true,2240.0,18,Resign,Black,25+0,sassou,1228,martin74,1626
261,true,2240.0,110,Resign,Black,8+0,tutubelezza,1426,eideral,1527
451,true,2241.5,62,Mate,Black,10+0,jgan91,1509,kyanh,1487
629,true,2247.0,64,Mate,Black,10+2,ntam,1170,prabhakarchand1,1662
3,true,2248.0,61,Mate,White,5+10,ischia,1496,a-00,1500
1195,true,2248.0,69,Resign,White,15+0,kaushik007,1604,ravinkumar,1446
98,false,2250.0,14,Resign,White,45+0,lotfibma,1500,hollyandclaws,1500
387,true,2250.0,40,Resign,Black,10+0,rustam9,1500,mijndochterenik2151,1500
474,true,2250.0,64,Resign,Black,10+3,coco31,1142,fischerdipper,1679
968,false,2250.0,21,Resign,White,5+8,ahuang,1500,egua1234567,1500
1021,false,2250.0,83,Resign,White,180+0,jonhnyorion,1500,vudo1012,1500
1022,false,2250.0,66,Resign,White,180+0,vudo1012,1500,jonhnyorion,1500
1023,false,2250.0,89,Resign,White,180+0,jonhnyorion,1500,vudo1012,1500
1024,false,2250.0,129,Draw,Draw,180+180,vudo1012,1500,jonhnyorion,1500
1025,false,2250.0,27,Resign,White,180+180,jonhnyorion,1500,vudo1012,1500
1026,false,2250.0,76,Resign,White,180+180,jonhnyorion,1500,vudo1012,1500
1255,false,2250.5,83,Out of Time,White,10+0,axelpro446,1501,deebs,1500
1264,false,2250.5,27,Resign,Black,10+0,axelpro446,1501,ukrnoob,1500
1278,false,2250.5,18,Resign,Black,10+0,axelpro446,1501,chessluis3894,1500
1285,false,2250.5,87,Resign,White,10+0,axelpro446,1501,junpanjaitan,1500
1291,false,2250.5,90,Resign,Black,10+0,axelpro446,1501,jfuzzell,1500
1292,false,2250.5,94,Resign,White,10+0,axelpro446,1501,ospeck,1500
104,true,2251.0,81,Out of Time,White,10+0,avelez8,1726,pavankumarg,1388
450,true,2251.0,36,Mate,Black,10+0,kyanh,1500,checkerssux,1501
1266,false,2251.0,74,Mate,Black,10+0,aurarestrepo,1500,axelpro446,1501
1273,false,2251.0,57,Resign,White,10+0,azisdoank,1500,axelpro446,1501
1274,false,2251.0,19,Resign,White,10+0,rssaad,1500,axelpro446,1501
1284,false,2251.0,85,Resign,White,10+0,jejeh,1500,axelpro446,1501
1288,false,2251.0,38,Resign,Black,10+0,pentium486,1500,axelpro446,1501
1281,false,2251.5,27,Resign,White,10+0,arunmaiyad,1501,axelpro446,1501
90,true,2252.5,34,Mate,Black,20+10,hoanghieudro2,1409,oldpaths,1548
476,true,2253.0,40,Resign,Black,10+3,coco31,1154,fischerdipper,1676
1270,false,2253.5,24,Resign,Black,10+0,axelpro446,1501,ayush7211,1503
413,true,2256.0,37,Mate,White,20+0,andrea78,1612,energique,1450
1183,false,2257.5,9,Resign,Black,8+5,kaushik007,1513,kaind,1501
1263,false,2258.0,73,Mate,White,10+0,luigi2016,1514,axelpro446,1501
71,true,2259.5,62,Mate,Black,20+5,oldpaths,1579,fcolpo,1470
1287,false,2259.5,63,Resign,White,10+0,axelpro446,1501,claude38,1509
900,true,2260.5,61,Resign,Black,15+15,b12denis,1435,cookieblake,1543
1194,false,2260.5,56,Out of Time,Black,5+8,teglife10,1267,kaushik007,1627
636,true,2261.0,11,Mate,White,7+5,carbon752,1522,ntam,1500
902,true,2261.0,89,Mate,White,10+0,cookieblake,1524,qq_kdp,1499
1265,false,2261.5,50,Resign,Black,10+0,axelpro446,1501,castro830,1511
449,true,2262.0,34,Resign,White,10+0,nickm3,1548,kyanh,1488
1182,false,2263.5,40,Resign,Black,8+5,kaind,1501,kaushik007,1513
1286,false,2263.5,45,Mate,White,10+0,axelpro446,1501,benjamin1365,1513
969,false,2264.0,65,Resign,White,5+8,endyron,1528,ahuang,1500
438,true,2264.5,26,Mate,Black,10+0,nandito_messi,1547,kyanh,1491
297,true,2266.0,59,Mate,White,10+0,corvusossifragus,1532,nadanadora,1500
448,true,2266.0,17,Resign,White,10+0,gucanni,1586,kyanh,1473
911,true,2268.0,111,Resign,White,10+0,cookieblake,1544,cesar251245,1496
282,true,2270.0,40,Resign,Black,10+0,tabellaria,1538,jabar72,1501
269,true,2270.5,57,Resign,White,7+3,tca1004,1437,eideral,1552
283,true,2271.5,54,Resign,Black,10+0,jabar72,1511,tabellaria,1516
427,true,2271.5,41,Mate,White,5+8,hilarious2022,1353,kyanh,1595
1251,false,2272.0,60,Draw,Draw,10+0,jbevarts,1542,axelpro446,1501
86,true,2273.0,114,Resign,White,15+5,oldpaths,1522,matheuswillx,1512
907,true,2275.0,20,Resign,White,15+15,renzo2008,1432,cookieblake,1559
712,true,2276.0,41,Resign,White,6+5,schipio,1566,bloonfreakster,1493
308,false,2277.5,77,Mate,White,15+0,doom12384,1605,dimalesh,1475
962,false,2278.5,52,Resign,White,10+10,chess-brahs,1967,swordswiper,1295
411,true,2279.5,94,Resign,Black,30+0,qc-patzer,1563,cagliostro97,1498
112,true,2280.5,28,Resign,Black,10+0,avelez8,1769,murattibogurcu,1396
293,true,2283.5,72,Resign,White,15+15,nadanadora,1611,googol100,1478
1031,true,2284.0,69,Resign,White,5+8,intrepido,1500,felipeferreira,1534
1258,false,2284.5,8,Resign,Black,10+0,apervaiz,1567,axelpro446,1501
1051,true,2285.0,43,Resign,White,10+0,vishalvasans1,1582,mascarpov,1494
1160,false,2286.5,9,Resign,White,10+15,domi2017,1805,generiklemons,1384
980,true,2289.0,34,Resign,Black,5+6,aidenleahycrooks,1862,carloshrc,1358
915,true,2290.0,54,Resign,Black,10+0,cookieblake,1546,mr_quantum,1517
221,true,2292.5,150,Draw,Draw,15+1,taranga,1259,moon50,1663
1259,false,2293.5,55,Mate,White,10+0,tusher,1585,axelpro446,1501
1289,false,2293.5,39,Resign,White,10+0,mhysa,1585,axelpro446,1501
294,true,2295.0,40,Mate,Black,15+15,googol100,1486,nadanadora,1552
906,true,2295.0,55,Resign,Black,15+15,cookieblake,1544,bozy,1523
14,false,2297.5,31,Resign,Black,8+0,daniel_likes_chess,1381,alkhan,1607
914,true,2298.5,100,Mate,Black,10+0,mr_quantum,1529,cookieblake,1534
1256,false,2299.5,53,Resign,White,10+0,m4c3l0,1597,axelpro446,1501
824,true,2300.0,35,Resign,Black,10+0,ameenthedestroyer,1374,samwmsrachel,1613
1293,false,2300.0,29,Resign,White,10+0,elchilenoenchile,1598,axelpro446,1501
311,false,2302.5,102,Resign,Black,10+0,doom12384,1605,jejeh,1500
313,false,2302.5,33,Resign,White,10+0,doom12384,1605,jejeh,1500
1196,true,2302.5,70,Resign,Black,15+0,ravinkumar,1453,kaushik007,1576
1191,true,2303.0,75,Resign,Black,20+0,kaushik007,1602,egor-220,1502
68,true,2304.0,78,Resign,Black,5+40,berejokserg,1500,oldpaths,1554
899,true,2306.0,28,Resign,Black,10+0,cookieblake,1550,memormz,1531
322,true,2306.5,50,Mate,Black,10+0,tfeng,1621,ilkayus,1496
458,true,2308.0,122,Mate,Black,5+5,george_35,1354,fischerdipper,1631
331,true,2308.5,108,Resign,Black,10+0,tfeng,1627,facurezzo,1495
903,true,2309.0,43,Resign,White,10+0,stefanelu,1548,cookieblake,1535
83,true,2309.5,51,Resign,White,15+5,serai,1521,oldpaths,1549
1193,true,2309.5,59,Resign,White,15+0,kaushik007,1627,maryj,1496
270,false,2310.0,82,Draw,Draw,10+0,pkgirpade,1516,eideral,1552
435,true,2310.0,62,Mate,Black,10+7,sadecebeyaz,1590,kyanh,1515
898,true,2310.0,62,Mate,Black,10+0,resh77,1540,cookieblake,1540
741,true,2310.5,65,Mate,White,5+8,slon-al,1787,wesleytonini,1417
248,false,2313.5,38,Resign,White,10+0,morficle,1849,thegrim123321,1389
709,false,2315.0,91,Resign,White,5+8,bloonfreakster,1466,chanta1950,1582
912,true,2315.5,39,Mate,White,10+0,rosslund,1519,cookieblake,1556
89,true,2317.0,48,Resign,Black,30+0,oldpaths,1556,krillnor,1539
617,false,2317.5,53,Mate,White,10+5,regicidal2,1635,snaek161616,1500
364,true,2318.0,85,Resign,White,20+8,tienc12345,1500,dmitriy8888,1568
982,false,2318.0,27,Resign,Black,10+0,aidenleahycrooks,1862,costinhas,1387
909,true,2318.5,96,Resign,Black,10+0,adrianovidiu1980,1553,cookieblake,1542
895,true,2319.0,33,Resign,White,10+10,christina-a-11,1500,e_t123,1569
36,true,2320.0,19,Resign,Black,10+0,shivangithegenius,976,sorethea,1832
388,true,2321.0,27,Resign,White,25+25,olaih85,1500,wk2407,1571
302,true,2321.5,99,Draw,Draw,10+0,lagos16,1449,doom12384,1597
440,true,2322.5,2,Draw,Draw,10+0,marianocharly,1641,kyanh,1502
1054,true,2322.5,30,Mate,Black,10+0,vishalvasans1,1577,isaac_villarreal,1534
1063,true,2322.5,114,Resign,Black,10+0,frikazoid55,1475,vishalvasans1,1585
1279,false,2323.5,24,Resign,White,10+0,joanllobet,1645,axelpro446,1501
910,true,2324.5,120,Resign,White,10+0,gascarov,1543,cookieblake,1553
1176,true,2324.5,50,Resign,Black,20+0,ogun,1785,skuppam3,1432
708,false,2325.0,29,Resign,White,5+5,bloonfreakster,1466,rjfusafischer,1592
262,true,2325.5,48,Resign,Black,15+0,eideral,1557,fva,1547
904,true,2326.5,44,Resign,Black,10+0,cookieblake,1545,dct94,1554
336,true,2331.0,92,Mate,Black,10+0,locomotora,1414,tfeng,1624
913,true,2331.5,93,Mate,White,10+0,cookieblake,1545,foulage,1559
618,true,2332.0,52,Mate,Black,10+0,alkeal,1456,dr_perdyllo,1604
1250,false,2332.0,37,Resign,White,10+0,howief,1662,axelpro446,1501
87,true,2333.0,39,Resign,White,15+5,euler_jr,1602,oldpaths,1532
897,true,2334.5,28,Resign,White,10+0,pgcpgc,1567,cookieblake,1551
352,true,2336.5,97,Mate,White,10+0,tfeng,1559,eyany,1557
421,true,2336.5,21,Resign,White,10+0,gardydlshad,1547,kyanh,1563
298,true,2337.0,115,Resign,White,10+0,doom12384,1560,ramirorldn,1557
1190,true,2337.5,57,Mate,White,20+0,egor-220,1547,kaushik007,1564
351,true,2340.0,71,Draw,Draw,10+0,tfeng,1570,rmorais23,1555
825,true,2340.5,45,Mate,White,10+0,samwmsrachel,1603,laucha,1539
1260,false,2340.5,67,Mate,White,10+0,axelpro446,1501,messipm10,1590
1050,true,2341.0,22,Resign,Black,10+0,hindenburg9192,1500,vishalvasans1,1591
76,true,2341.5,50,Resign,White,15+5,oldpaths,1589,insequitur,1547
354,true,2342.0,57,Resign,White,10+0,dandisd,1550,tfeng,1567
307,false,2342.5,78,Mate,Black,15+0,dimalesh,1475,doom12384,1605
309,false,2342.5,70,Mate,Black,15+0,dimalesh,1475,doom12384,1605
437,true,2342.5,52,Mate,Black,10+0,manikandan_25,1675,kyanh,1505
224,true,2343.0,88,Out of Time,Black,10+0,taranga,1222,madara21,1732
353,true,2344.0,60,Resign,White,10+0,eyany,1546,tfeng,1571
74,true,2344.5,54,Resign,Black,15+5,oldpaths,1595,sale0706,1547
258,false,2345.0,87,Out of Time,White,10+0,eideral,1580,krishubhi,1555
485,true,2346.5,29,Out of Time,White,5+5,fischerdipper,1699,karabas,1497
1007,false,2347.0,18,Out of Time,Black,5+8,aidenleahycrooks,1862,melvet,1416
1189,true,2348.0,48,Resign,Black,20+0,kaushik007,1534,egor-220,1581
1269,false,2348.0,51,Out of Time,White,10+0,ashishv,1694,axelpro446,1501
1271,false,2348.0,94,Resign,Black,10+0,ashishv,1694,axelpro446,1501
278,true,2348.5,80,Resign,Black,15+0,mattieuw2,1605,tabellaria,1546
436,true,2348.5,29,Resign,White,10+0,samba_rei,1653,kyanh,1522
1154,true,2350.5,68,Mate,Black,15+5,shangreela,1701,bekzodjon,1500
1062,true,2351.0,96,Mate,Black,10+0,guillerminmin,1516,vishalvasans1,1593
92,true,2351.5,69,Resign,White,20+10,ehabhaddad,1603,oldpaths,1550
1262,false,2352.0,33,Resign,White,10+0,krisrov,1702,axelpro446,1501
455,true,2352.5,107,Resign,White,5+5,fischerdipper,1631,bud4la,1537
1210,true,2353.0,59,Mate,White,10+0,izzlanfarischess,1500,spacede,1603
410,true,2353.5,39,Mate,White,25+15,putin55,1569,cagliostro97,1569
1277,false,2354.5,17,Resign,White,10+0,ismaelsilva,1707,axelpro446,1501
312,false,2355.0,21,Resign,White,10+0,jejeh,1500,doom12384,1605
391,true,2355.5,50,Mate,Black,10+0,spikyturtle,1377,vitruvio,1667
1045,false,2356.0,124,Resign,Black,5+10,mrphaseolusvulgaris,1712,cmcc,1500
62,true,2356.5,49,Resign,White,8+12,oldpaths,1567,david1488,1573
408,true,2356.5,67,Mate,White,15+3,cagliostro97,1541,gennai,1586
1272,false,2356.5,24,Resign,Black,10+0,axelpro446,1501,riverhorse,1606
259,false,2357.5,36,Mate,Black,10+0,krishubhi,1555,eideral,1580
301,true,2358.5,83,Resign,White,10+0,quarks_sparks,1531,doom12384,1593
1064,true,2358.5,69,Resign,White,10+0,vishalvasans1,1575,marcose_14,1571
1290,false,2359.5,8,Resign,Black,10+0,axelpro446,1501,augustbecarre,1609
109,true,2360.0,137,Out of Time,White,10+0,avelez8,1746,frynoodles,1487
429,true,2360.0,38,Out of Time,Black,10+10,ahmadsan,1560,kyanh,1580
264,false,2360.5,70,Mate,Black,5+8,maumau62,1607,eideral,1557
314,false,2361.5,74,Resign,Black,10+0,raavi,1513,doom12384,1605
299,true,2362.5,70,Resign,Black,10+0,doom12384,1571,vektor-mw,1577
425,true,2363.0,39,Resign,White,10+0,erhancn,1562,kyanh,1582
350,true,2363.5,120,Mate,Black,10+0,bomardan,1589,tfeng,1569
420,true,2364.0,14,Resign,Black,8+8,adcz,1728,sreeraman,1500
88,true,2364.5,20,Resign,Black,15+5,oldpaths,1543,euler_jr,1593
497,true,2366.5,41,Mate,White,5+5,fischerdipper,1741,funracer_at,1496
740,false,2369.5,48,Resign,Black,10+3,zugaddict,2035,theanonymousone,1352
1257,false,2369.5,65,Resign,White,10+0,axelpro446,1501,max1966,1619
1197,true,2370.0,77,Mate,White,5+5,kormats,1740,austin2112,1500
260,true,2371.5,38,Resign,Black,6+6,myalcin64,1649,eideral,1547
1192,true,2373.0,99,Resign,White,20+0,egor-220,1444,kaushik007,1651
1048,false,2376.0,16,Resign,Black,10+1,strider02,1328,mrphaseolusvulgaris,1712
67,true,2376.5,57,Resign,White,15+10,oldpaths,1561,rubberchicken04,1596
266,true,2376.5,177,Out of Time,White,10+3,au118,1535,eideral,1609
1056,true,2376.5,16,Resign,White,10+0,vishalvasans1,1573,kbob,1590
1282,false,2376.5,50,Resign,Black,10+0,axelpro446,1501,kcramsib,1626
65,true,2377.0,40,Mate,Black,5+10,porquepepe,1618,oldpaths,1568
277,true,2377.0,77,Mate,White,15+0,tabellaria,1568,mattieuw2,1593
1199,true,2378.0,70,Mate,Black,20+0,flashrust,1810,chessvariants,1473
357,true,2379.0,119,Resign,Black,10+0,guber1962,1660,tfeng,1549
305,true,2380.0,96,Resign,Black,10+0,nitegazer,1550,doom12384,1605
490,true,2380.0,60,Mate,Black,5+5,waldi65,1392,fischerdipper,1684
998,false,2380.0,66,Mate,Black,10+0,aidenleahycrooks,1862,mersoz,1449
845,true,2381.0,27,Resign,White,10+0,ducksandcats,1864,michal220,1449
1057,true,2381.5,53,Resign,White,10+0,david007mu,1597,vishalvasans1,1583
1142,true,2382.0,107,Mate,White,10+10,bekzodjon,1708,erik_manukyan,1528
332,true,2383.0,27,Resign,White,10+0,facurezzo,1480,tfeng,1643
826,false,2385.0,92,Draw,Draw,8+0,messi08,1564,samwmsrachel,1603
263,false,2385.5,95,Mate,White,5+8,eideral,1557,maumau62,1607
964,true,2389.5,62,Resign,Black,20+0,warera,1647,dzhambul,1566
310,false,2390.0,27,Resign,White,10+0,augustbecarre,1570,doom12384,1605
1261,false,2390.5,26,Resign,Black,10+0,axelpro446,1501,kreativ-s,1640
280,true,2391.0,33,Resign,White,10+0,sombragris,1728,tabellaria,1527
447,true,2391.5,63,Draw,Draw,5+8,kyanh,1465,herbertfj,1659
63,true,2394.0,32,Resign,Black,8+12,oldpaths,1578,lc777,1605
456,true,2394.0,42,Resign,Black,5+5,bud4la,1546,fischerdipper,1621
1161,true,2394.0,80,Mate,Black,3+8,generiklemons,1500,draaier,1644
1275,false,2394.5,47,Resign,White,10+0,neo58,1787,axelpro446,1501
227,true,2395.0,135,Mate,White,10+0,harrygz,1590,dbschultz,1600
1058,true,2395.5,49,Mate,White,10+0,spsingh1987,1603,vishalvasans1,1594
424,true,2396.0,34,Resign,Black,10+0,kyanh,1570,almanya_online,1611
672,true,2396.0,31,Mate,White,10+5,chesscarl,2104,just_emza,1344
347,true,2396.5,40,Mate,Black,10+0,ironboy,1611,tfeng,1591
1276,false,2396.5,30,Resign,Black,10+0,axelpro446,1501,palacius,1646
965,false,2397.0,35,Resign,White,6+6,chesspurity,1500,warera,1647
323,true,2397.5,98,Resign,Black,10+0,tfeng,1633,thesmallbang,1581
72,true,2398.5,87,Mate,White,20+5,chesschumpchamp,1617,oldpaths,1590
742,true,2400.0,20,Resign,Black,5+8,slon-al,1810,shairo08,1495
979,false,2400.5,35,Resign,White,10+0,obida2017,1551,aidenleahycrooks,1625
228,true,2401.0,137,Draw,Draw,10+0,rinoooo,1568,dbschultz,1617
1198,true,2401.0,64,Mate,Black,15+0,valueasset21,1552,deniz2na,1625
289,true,2403.0,62,Resign,Black,10+0,vpull9,1584,nadanadora,1611
454,true,2403.5,38,Resign,White,5+5,bud4la,1529,fischerdipper,1639
217,true,2405.5,112,Mate,Black,10+0,taranga,1281,naoufel,1765
1053,true,2406.5,41,Mate,White,10+0,vishalvasans1,1577,taliby,1618
300,true,2407.0,36,Resign,Black,10+0,doom12384,1580,eze33,1617
1179,false,2408.5,48,Mate,Black,10+10,serkokvlad,1859,skuppam3,1479
265,false,2410.5,42,Resign,White,10+0,eideral,1557,arebest95,1632
416,false,2411.5,30,Resign,Black,15+7,rolando6,1921,energique,1451
488,true,2412.0,135,Draw,Draw,5+5,fischerdipper,1696,elio12,1564
348,true,2412.5,123,Mate,White,10+0,tfeng,1579,ironboy,1623
1178,true,2414.0,21,Resign,White,20+8,verduzzo,1870,skuppam3,1479
267,true,2414.5,114,Mate,Black,10+2,abel4865,1713,eideral,1558
304,true,2416.0,89,Resign,White,10+0,runmael,1604,doom12384,1614
345,true,2416.0,96,Resign,Black,10+0,micmeta,1602,tfeng,1615
1059,true,2416.0,59,Resign,White,10+0,vishalvasans1,1586,nonneposso,1623
321,true,2417.0,20,Resign,Black,10+0,wahana81,1620,tfeng,1607
615,false,2417.0,41,Resign,White,10+10,caernarfon,1834,snaek161616,1500
320,true,2418.0,48,Draw,Draw,10+0,tfeng,1618,wahana81,1609
446,true,2419.0,45,Resign,White,10+0,kyanh,1470,avonskillstreet,1684
306,false,2420.0,116,Mate,Black,10+0,pipppone,1630,doom12384,1605
325,true,2420.0,19,Resign,White,10+0,tfeng,1612,mikeu,1614
346,true,2420.0,92,Resign,Black,10+0,shafer24,1634,tfeng,1603
457,true,2420.0,35,Resign,White,5+5,puppoo1981,1568,fischerdipper,1636
821,false,2422.0,75,Resign,White,5+60,niftyleopard,1760,jdclassical,1542
330,true,2423.5,40,Mate,Black,10+0,tfeng,1613,kei0075,1617
480,true,2424.5,71,Resign,Black,5+5,golden06,1493,fischerdipper,1678
1065,true,2424.5,40,Mate,Black,10+0,vishalvasans1,1585,ruzeebaba,1632
326,true,2426.5,22,Resign,White,10+0,famiss11,1605,tfeng,1624
1061,true,2430.0,52,Mate,Black,10+0,vishalvasans1,1602,chimimdq,1629
692,true,2430.5,26,Mate,Black,17+5,noddlep2,1221,def--spb,1820
995,false,2431.0,56,Resign,Black,10+0,aidenleahycrooks,1862,myer,1500
999,false,2431.0,45,Resign,Black,10+0,aidenleahycrooks,1862,c4ue,1500
1055,true,2431.5,125,Mate,White,10+0,koshi12,1693,vishalvasans1,1585
359,true,2432.5,32,Resign,White,10+0,tarekjrd,1789,tfeng,1538
273,true,2433.0,97,Mate,White,10+0,tabellaria,1638,grubear,1614
1163,true,2434.0,103,Resign,White,30+5,greenedoutchess,1678,goodjob343,1595
324,true,2434.5,106,Mate,Black,10+0,thesmallbang,1623,tfeng,1623
978,false,2434.5,35,Resign,White,10+0,anzourbakez,1619,aidenleahycrooks,1625
82,true,2435.0,57,Mate,White,15+5,oldpaths,1536,urmil007,1667
329,true,2437.0,34,Mate,Black,10+0,vineetg101,1636,tfeng,1619
430,true,2437.5,70,Out of Time,Black,5+5,petrinja1,1727,kyanh,1574
1096,true,2438.0,85,Resign,White,7+3,youknowwho_79,1500,chelsey_000,1688
78,true,2439.0,48,Resign,White,30+0,tb-123,1720,oldpaths,1579
465,true,2440.5,42,Resign,Black,5+5,fischerdipper,1683,aloe78,1599
959,false,2442.0,67,Draw,Draw,10+10,chess-brahs,1990,factionmaster,1447
80,true,2444.0,64,Mate,Black,15+5,zoro55,1768,oldpaths,1560
344,true,2444.0,45,Resign,White,10+0,tfeng,1626,mstelles,1631
996,false,2444.0,24,Resign,Black,10+0,aidenleahycrooks,1862,raavi,1513
358,true,2445.0,33,Mate,White,10+0,tfeng,1534,gardoim,1678
343,true,2445.5,29,Resign,White,10+0,tfeng,1637,tmanu,1627
444,true,2447.5,31,Mate,White,10+0,mat-chess,1919,kyanh,1488
802,true,2450.5,51,Resign,White,10+0,alenea,1453,saviter,1724
441,true,2451.0,195,Draw,Draw,10+0,kyanh,1496,tossinov,1703
66,true,2451.5,39,Resign,White,7+12,gio1212,1755,oldpaths,1574
949,false,2452.0,112,Draw,Draw,10+10,chess-brahs,1950,aks_oks,1477
1052,true,2452.0,27,Resign,White,10+0,jotao,1726,vishalvasans1,1589
335,true,2453.0,71,Resign,White,10+0,tfeng,1630,marcel55,1638
1139,true,2453.0,89,Resign,White,10+0,s-a,1894,patroclos1936,1506
792,true,2453.5,118,Out of Time,Black,10+0,andyfi,1433,saviter,1737
210,false,2454.5,60,Resign,Black,7+2,taranga,1289,armourbuddy,1810
481,true,2455.5,60,Resign,White,5+5,silviumd,1525,fischerdipper,1693
797,true,2458.0,71,Mate,White,10+0,saviter,1690,cris36,1613
342,true,2458.5,64,Resign,Black,10+0,tfeng,1647,traverru,1635
956,false,2460.0,30,Draw,Draw,20+60,chess-brahs,1990,corol,1465
896,true,2460.5,41,Mate,White,10+0,cookieblake,1541,vetteerrr,1690
1036,false,2462.0,43,Resign,White,10+0,luis11,1500,mrphaseolusvulgaris,1712
339,true,2463.5,48,Resign,White,10+0,ewama,1649,tfeng,1639
412,true,2463.5,37,Resign,White,10+10,robbm,1903,cagliostro97,1512
340,true,2465.5,124,Resign,Black,10+0,marcospe1964,1677,tfeng,1627
822,true,2465.5,105,Mate,White,10+0,korbendallas,1713,samwmsrachel,1609
794,true,2466.0,23,Resign,White,10+0,saviter,1722,alperbaba5225,1605
327,true,2467.5,114,Draw,Draw,10+0,bishopkerry01,1693,tfeng,1621
333,true,2467.5,63,Resign,White,10+0,tfeng,1631,wahidmahmom90,1652
279,true,2468.0,35,Resign,White,8+0,tabellaria,1518,snowden,1709
977,false,2469.5,26,Resign,Black,10+0,aidenleahycrooks,1625,ahmadirr,1657
1040,false,2471.0,51,Resign,Black,3+10,mrphaseolusvulgaris,1712,seciyeli,1615
823,true,2473.0,103,Out of Time,White,10+0,martha,1710,samwmsrachel,1618
338,true,2473.5,56,Resign,Black,10+0,tfeng,1629,ewama,1659
489,true,2474.0,34,Mate,Black,5+5,elio12,1572,fischerdipper,1688
276,true,2475.0,48,Mate,Black,8+0,playforpleasure,1776,tabellaria,1587
947,false,2475.0,65,Draw,Draw,10+10,chess-brahs,1950,responsible_peach,1500
950,false,2475.0,70,Draw,Draw,10+10,chess-brahs,1950,adn_bravo88,1500
303,true,2475.5,43,Resign,White,10+0,pepe100,1743,doom12384,1604
966,true,2476.0,89,Resign,Black,4+15,warera,1668,hamed1234,1642
710,false,2477.0,34,Resign,Black,2+10,bloonfreakster,1466,rcatlc,1744
268,true,2478.5,57,Resign,White,10+2,eideral,1497,abel4865,1730
1072,true,2478.5,70,Mate,Black,10+0,superhero098,1997,miqomanukyan2001,1480
800,true,2480.0,33,Resign,White,10+0,evianwahter,1568,saviter,1696
1091,true,2482.5,150,Mate,Black,10+0,makhach-kala,1651,landscaping123,1657
609,false,2483.0,52,Resign,Black,10+5,snaek161616,1164,caernarfon,1901
961,true,2483.5,28,Resign,White,45+45,chess-brahs,1967,bugzzila,1500
356,true,2484.0,111,Resign,White,8+0,yalicapkini,1840,tfeng,1564
466,true,2484.0,116,Draw,Draw,5+5,aloe78,1596,fischerdipper,1686
334,true,2484.5,31,Resign,White,10+0,toniors,1687,tfeng,1641
976,false,2484.5,28,Resign,Black,10+0,javierknees,1719,aidenleahycrooks,1625
407,true,2485.0,110,Draw,Draw,15+10,cagliostro97,1588,metaxas,1691
866,true,2486.0,5,Mate,White,10+0,smartduckduckcow,1894,duckduckfrog,1539
1141,true,2488.0,114,Mate,Black,10+10,erik_manukyan,1522,bekzodjon,1727
341,true,2488.5,49,Mate,White,10+0,fox22634,1705,tfeng,1636
746,true,2490.0,35,Resign,White,5+8,slon-al,1800,granit10,1590
798,true,2492.0,48,Mate,Black,10+0,cris36,1622,saviter,1681
894,true,2493.0,44,Mate,Black,10+10,e_t123,1560,christina-a-11,1713
1148,true,2493.5,118,Resign,Black,6+8,dleipold,1713,bekzodjon,1637
471,true,2495.0,41,Resign,White,5+5,diazbrothers,1582,fischerdipper,1704
749,true,2495.5,68,Out of Time,Black,5+8,amando_s,1415,slon-al,1788
887,true,2496.0,27,Mate,White,10+0,christina-a-11,1904,valerioneto,1544
432,true,2496.5,50,Resign,Black,10+0,luckynrone,1877,kyanh,1558
422,true,2498.5,47,Resign,White,10+0,sergipechess,1863,kyanh,1567
328,true,2499.5,69,Resign,Black,10+0,tfeng,1631,bishopkerry01,1684
796,true,2500.5,56,Mate,Black,10+0,cris36,1605,saviter,1698
967,true,2500.5,119,Resign,White,10+0,whiteduke,1613,warera,1694
464,true,2501.5,58,Resign,White,5+5,koepkos,1667,fischerdipper,1668
627,true,2503.5,53,Resign,White,15+15,gr8_m8_m8_im_ir8,1721,tiberius64,1643
111,true,2505.5,18,Resign,Black,10+0,avelez8,1749,yolandoparada,1631
463,true,2506.5,54,Resign,Black,5+5,fischerdipper,1657,koepkos,1678
891,true,2508.5,51,Resign,White,20+0,christina-a-11,1879,receipt,1569
809,true,2509.5,62,Resign,Black,10+0,everest999,1651,saviter,1684
1283,false,2509.5,20,Resign,Black,10+0,axelpro446,1501,ddd12345,1759
1006,false,2510.0,24,Resign,Black,5+8,aidenleahycrooks,1862,chess_student1974,1579
1267,false,2510.5,130,Draw,Draw,10+0,axelpro446,1501,hunnyman,1760
472,true,2512.5,121,Mate,White,5+5,fischerdipper,1693,ffuentes90,1666
1090,true,2512.5,86,Resign,Black,10+0,onkelvladi,1689,landscaping123,1668
77,true,2513.5,131,Resign,White,30+0,oldpaths,1571,tb-123,1728
780,true,2514.5,42,Mate,Black,10+0,saviter,1689,per1966,1670
795,true,2515.5,91,Mate,White,15+15,saviter,1713,raitenis,1659
473,true,2518.0,30,Resign,Black,5+5,ffuentes90,1676,fischerdipper,1680
453,true,2518.5,34,Resign,Black,10+0,kyanh,1495,stratus22,1771
1146,true,2524.0,55,Resign,White,5+7,bekzodjon,1686,horung,1681
75,true,2526.5,37,Resign,White,15+5,redar1,1855,oldpaths,1599
106,true,2526.5,70,Mate,Black,10+0,hopefullman15,1597,avelez8,1728
1030,true,2527.0,64,Resign,Black,4+6,regalsin,1670,intrepido,1692
434,true,2527.5,148,Out of Time,Draw,10+0,kyanh,1529,fivetimes,1763
799,true,2532.0,80,Resign,Black,10+0,fagnervalenca,1702,saviter,1681
1106,true,2532.5,19,Resign,Black,10+0,mirrorlrirrom,1365,s-a,1850
788,true,2534.0,66,Resign,Black,15+15,odrim,1648,saviter,1710
1089,true,2534.5,59,Resign,White,10+0,landscaping123,1687,eugenio24,1691
482,true,2535.5,58,Mate,Black,5+5,spinola01,1709,fischerdipper,1681
622,true,2535.5,71,Resign,White,15+15,ferrojimenez,1613,gr8_m8_m8_im_ir8,1729
781,true,2537.0,59,Resign,White,10+0,gdf1981,1672,saviter,1701
1268,false,2537.5,14,Resign,Black,10+0,axelpro446,1501,felixiou,1787
493,true,2538.5,78,Mate,Black,5+5,fischerdipper,1733,dinnei,1672
779,true,2538.5,42,Resign,White,10+0,per1966,1719,saviter,1679
487,true,2539.0,71,Resign,Black,5+5,mb1981,1694,fischerdipper,1692
96,true,2540.5,85,Mate,White,20+10,oldpaths,1513,remisero,1784
674,true,2541.0,52,Resign,White,10+5,chesscarl,2082,gfinch,1500
786,true,2543.0,72,Mate,Black,10+1,robertao,1648,saviter,1719
1121,true,2543.0,45,Mate,White,10+0,s-a,1882,kingoslavios,1602
467,true,2543.5,74,Mate,Black,5+5,adhen,1769,fischerdipper,1659
483,true,2545.0,60,Resign,Black,5+5,fischerdipper,1692,spinola01,1699
275,false,2545.5,74,Resign,Black,10+0,f2f,1865,tabellaria,1613
812,true,2546.5,73,Resign,White,10+0,majorwarren,1707,saviter,1693
1280,false,2547.5,7,Out of Time,White,10+0,axelpro446,1501,plenad,1797
484,true,2548.0,40,Resign,White,5+5,spinola01,1688,fischerdipper,1704
810,true,2548.0,49,Resign,White,10+0,majorwarren,1706,saviter,1695
389,true,2549.5,59,Resign,Black,15+10,spikyturtle,1367,josepoliutla,1866
491,true,2549.5,47,Resign,Black,5+5,fischerdipper,1707,dinnei,1696
1206,true,2549.5,99,Mate,White,10+0,izzlanfarischess,1885,brkylvc,1607
64,true,2550.5,25,Resign,White,8+12,jordanfury,1939,oldpaths,1581
783,true,2551.0,31,Resign,Black,10+0,saviter,1706,ilkerk,1698
801,true,2552.5,84,Out of Time,Black,10+0,saviter,1707,episode,1699
469,true,2553.0,85,Resign,White,5+5,adhen,1752,fischerdipper,1677
1180,true,2554.0,49,Mate,White,5+5,cesc7046,2108,skuppam3,1500
595,true,2555.0,133,Mate,White,10+0,roman12342005,1954,aldairrodriguez,1578
12,false,2557.5,38,Resign,Black,20+60,daniel_likes_chess,1381,subham777,1867
811,true,2558.5,67,Resign,White,10+0,saviter,1683,majorwarren,1717
1020,true,2559.0,19,Resign,Black,10+0,louwyhs,1236,kardsalan,1941
988,false,2560.0,78,Resign,Black,10+0,richard38,1396,aidenleahycrooks,1862
784,true,2560.5,107,Out of Time,White,10+0,ilkerk,1687,saviter,1717
492,true,2562.0,23,Resign,White,5+5,dinnei,1684,fischerdipper,1720
1140,true,2562.0,73,Resign,White,10+0,s-a,1890,ikemat34,1617
1041,false,2564.0,60,Resign,Black,10+10,mrphaseolusvulgaris,1712,deadintheend,1708
1037,false,2564.5,72,Resign,Black,6+10,arrchess,1705,mrphaseolusvulgaris,1712
628,true,2565.5,24,Resign,Black,15+15,akutt52y,1707,gr8_m8_m8_im_ir8,1712
814,true,2565.5,70,Resign,Black,10+0,saviter,1713,yosoyfenix,1709
621,true,2566.0,65,Resign,White,15+15,gr8_m8_m8_im_ir8,1714,karo1972,1709
975,false,2566.5,38,Resign,Black,10+0,aidenleahycrooks,1625,dvip6,1754
789,true,2570.0,93,Resign,White,10+0,marinaldodelphi,1696,saviter,1722
1035,false,2570.0,107,Out of Time,White,20+0,mrphaseolusvulgaris,1712,lanas2007,1714
807,true,2570.5,75,Out of Time,White,10+0,saviter,1709,leps000,1716
1119,true,2570.5,23,Resign,White,10+0,s-a,1893,jupitrer,1624
833,false,2571.0,66,Mate,Black,10+0,zdb,1500,ducksandcats,1821
835,false,2571.0,62,Resign,White,15+5,elnazjavaheri,1500,ducksandcats,1821
806,true,2571.5,54,Resign,Black,10+0,leps000,1705,saviter,1719
828,false,2577.0,154,Resign,Black,15+3,jak4,1512,ducksandcats,1821
349,true,2578.5,129,Mate,White,10+0,hetismogelijk,1995,tfeng,1581
1060,true,2579.0,86,Mate,Black,10+0,vishalvasans1,1592,nezaisiu,1783
813,true,2581.0,43,Resign,White,10+0,taural,1758,saviter,1702
290,true,2582.0,48,Resign,Black,10+0,ramzaid,1942,nadanadora,1611
626,true,2583.0,61,Resign,White,15+15,antonio48,1708,gr8_m8_m8_im_ir8,1729
616,false,2584.0,46,Resign,Black,10+10,snaek161616,1500,caernarfon,1834
496,true,2585.0,120,Mate,Black,5+5,fischerdipper,1746,koljan,1712
99,true,2586.5,113,Draw,Draw,15+0,avelez8,1745,anonymous1705,1714
470,true,2587.0,38,Resign,Black,5+5,fischerdipper,1688,adhen,1743
785,true,2587.0,18,Resign,Black,2+15,saviter,1728,li1chess,1723
1102,true,2587.5,47,Resign,White,10+0,s-a,1873,mehdi-r,1651
1209,true,2587.5,62,Resign,Black,6+4,whzzzz,1707,izzlanfarischess,1734
594,true,2589.5,31,Resign,White,10+0,elcortez,1265,roman12342005,1957
1094,true,2589.5,33,Out of Time,White,20+0,youknowwho_79,1663,eddywilde,1758
1103,true,2590.0,103,Out of Time,White,10+0,s-a,1868,zalim666,1656
748,true,2592.0,76,Resign,Black,5+8,buddel13,1602,slon-al,1791
468,true,2595.0,54,Mate,Black,5+5,fischerdipper,1668,adhen,1761
495,true,2595.0,53,Resign,White,5+5,koljan,1724,fischerdipper,1733
815,true,2596.0,28,Resign,Black,10+0,saviter,1724,maicon92,1734
494,true,2596.5,35,Mate,White,5+5,fischerdipper,1721,koljan,1736
625,true,2598.0,76,Mate,Black,15+15,nimaaa73,1760,gr8_m8_m8_im_ir8,1718
983,false,2599.0,80,Out of Time,Black,10+0,maxiargentino,1474,aidenleahycrooks,1862
1137,true,2599.5,37,Resign,White,10+0,s-a,1903,pogo123,1648
803,true,2600.5,47,Resign,Black,10+0,saviter,1735,slm_mhr,1733
1046,false,2602.0,39,Resign,White,15+15,toutou1965,1780,mrphaseolusvulgaris,1712
861,true,2604.5,52,Resign,Black,10+5,ducksandcats,1851,wall-of-shields,1679
592,true,2606.0,26,Resign,Black,10+0,roman12342005,1936,bohlool,1638
110,true,2607.0,46,Resign,Black,10+0,jdalcheco,1744,avelez8,1735
859,true,2608.5,32,Resign,Black,10+5,ducksandcats,1841,wall-of-shields,1688
317,true,2609.0,45,Resign,Black,25+5,atilioss,1496,bwalmer,1861
107,true,2609.5,39,Resign,White,10+0,laeca53,1743,avelez8,1738
108,true,2610.5,91,Resign,White,10+0,totoymate,1721,avelez8,1750
1149,true,2611.5,55,Mate,White,10+15,sansavoirvecu,1791,bekzodjon,1716
857,true,2612.0,49,Resign,White,10+5,ducksandcats,1832,wall-of-shields,1696
997,false,2612.0,32,Resign,Black,10+0,enjapuripraveen,1500,aidenleahycrooks,1862
117,true,2612.5,90,Resign,Black,10+0,cdvh,1783,raubstein,1721
1162,true,2614.5,81,Resign,Black,30+5,greenedoutchess,1687,ardacankurt,1771
100,true,2615.0,62,Resign,White,15+0,avelez8,1734,ars01,1748
820,true,2615.5,78,Resign,Black,10+0,torpeche,1711,niftyleopard,1760
840,false,2616.0,99,Resign,White,15+0,jesusarmy8,1548,ducksandcats,1842
1145,true,2616.0,36,Mate,Black,15+20,aliakbarshareh,1750,bekzodjon,1741
461,true,2618.0,2,Out of Time,Black,5+5,fischerdipper,1646,hooponopono,1795
986,false,2621.0,55,Resign,Black,10+0,aidenleahycrooks,1862,alfildetroya,1690
1150,false,2621.0,135,Draw,Draw,15+5,bekzodjon,1716,bobby70,1763
787,false,2624.5,45,Resign,White,5+8,saviter,1719,acuario22,1765
848,true,2624.5,4,Mate,Black,10+0,duckduckfrog,1527,ducksandcats,1861
13,false,2626.5,60,Resign,Black,5+40,daniel_likes_chess,1381,roman12342005,1936
745,true,2628.5,70,Resign,Black,5+8,brunozaurus,1645,slon-al,1806
818,true,2629.0,52,Mate,Black,10+0,german276,1680,niftyleopard,1789
1093,false,2629.0,74,Resign,Black,5+5,youknowwho_79,1786,rukor,1736
431,true,2630.5,48,Resign,Black,10+0,kyanh,1579,ashis_ch,1841
1004,false,2632.0,34,Resign,Black,10+0,aidenleahycrooks,1862,luckyshine123,1701
1177,false,2632.0,57,Resign,White,10+0,skuppam3,1432,surya9415,1916
460,true,2632.5,42,Resign,Black,5+5,fischerdipper,1639,dubac___3,1813
119,true,2634.0,40,Mate,Black,10+0,omid163,1756,cdvh,1756
790,true,2634.0,90,Resign,Black,10+0,saviter,1732,abcheck,1768
849,true,2637.0,16,Resign,Black,20+5,ducksandcats,1878,partoazhdary11,1698
1034,false,2637.5,35,Resign,White,10+0,lafreu64,1851,mrphaseolusvulgaris,1712
1029,true,2638.5,63,Resign,White,10+0,intrepido,1803,mojica,1737
1017,true,2639.5,25,Resign,White,10+0,kardsalan,1951,roman1702,1664
232,false,2642.0,55,Resign,Black,2+10,thegrim123321,1384,sam7neeee,1950
363,true,2642.0,10,Resign,Black,5+5,valmasia3,1860,tienc12345,1712
1042,false,2642.0,26,Resign,Black,10+0,rdx_9917,1860,mrphaseolusvulgaris,1712
1143,true,2642.0,92,Mate,Black,10+5,bekzodjon,1744,carrotop,1770
1010,false,2644.0,60,Resign,White,5+8,peterw,1564,aidenleahycrooks,1862
862,true,2645.5,18,Resign,Black,10+0,duckduckfrog,1527,smartduckduckcow,1882
863,true,2645.5,4,Mate,Black,10+0,duckduckfrog,1527,smartduckduckcow,1882
1009,false,2645.5,99,Resign,White,5+8,podgur,1567,aidenleahycrooks,1862
1175,true,2649.0,57,Resign,White,20+0,skuppam3,1756,ogun,1771
94,true,2650.0,62,Resign,Black,20+10,oldpaths,1546,crushmik,1877
864,true,2651.0,54,Mate,Black,7+2,abolfazl1386,1500,smartduckduckcow,1901
892,true,2651.5,41,Resign,White,20+0,christina-a-11,1805,drinking_beer,1749
443,true,2652.0,40,Resign,Black,10+0,kyanh,1486,timur-30,1909
597,false,2652.0,62,Mate,Black,5+5,total_chess,2050,mr_pablo,1627
599,false,2652.0,42,Mate,Black,5+5,total_chess,2050,mr_pablo,1627
1147,true,2652.0,85,Mate,White,30+10,gamesou,1840,bekzodjon,1732
992,false,2653.0,58,Mate,Black,10+0,aidenleahycrooks,1862,raquiroz,1722
819,true,2655.0,43,Resign,White,10+0,niftyleopard,1774,knightbane,1768
791,true,2656.5,23,Resign,White,10+0,mhamed_basti,1833,saviter,1740
805,true,2657.0,77,Resign,Black,5+8,wolf80,1854,saviter,1730
113,true,2657.5,40,Resign,Black,5+8,cdvh,1795,hunecel,1760
841,true,2659.0,49,Resign,Black,15+3,ducksandcats,1858,reda2345,1730
114,true,2659.5,111,Mate,White,15+0,hafedfree,1729,cdvh,1795
1049,false,2660.0,52,Mate,Black,5+5,stephlema,1896,mrphaseolusvulgaris,1712
993,false,2661.0,12,Resign,White,10+0,mmarvin,1598,aidenleahycrooks,1862
867,true,2662.5,26,Mate,Black,10+0,duckduckfrog,1545,smartduckduckcow,1890
868,true,2663.0,4,Mate,Black,10+0,duckduckfrog,1552,smartduckduckcow,1887
865,true,2663.5,4,Mate,Black,10+0,duckduckfrog,1533,smartduckduckcow,1897
888,true,2664.5,32,Mate,Black,10+0,valerioneto,1547,christina-a-11,1891
1144,true,2669.5,63,Mate,White,10+5,carrotop,1759,bekzodjon,1790
808,true,2672.0,89,Out of Time,White,10+0,saviter,1694,wilden,1825
1112,true,2672.0,52,Resign,Black,10+0,don_dragon,1560,s-a,1892
1208,true,2672.5,9,Draw,Draw,10+5,izzlanfarischess,1845,jkf11,1750
804,true,2673.0,74,Resign,Black,5+12,saviter,1744,quadrivium7,1801
955,true,2673.0,53,Mate,White,15+0,chess-brahs,1990,arda2828,1678
105,true,2673.5,46,Resign,Black,10+0,avelez8,1735,mrmaccc,1806
744,true,2675.5,26,Resign,White,5+8,illamola,1723,slon-al,1814
858,true,2676.0,42,Mate,Black,10+5,wall-of-shields,1704,ducksandcats,1824
1153,false,2681.0,114,Out of Time,Draw,8+0,bekzodjon,1804,alejandro555,1779
115,true,2681.5,54,Mate,Black,10+0,decem,1795,cdvh,1784
860,true,2681.5,70,Resign,Black,10+5,wall-of-shields,1695,ducksandcats,1834
953,true,2682.5,33,Mate,White,15+0,chess-brahs,2023,arda2828,1671
750,true,2683.0,4,Resign,White,8+0,w-j,1758,slon-al,1804
1095,true,2683.5,161,Resign,White,5+5,jokash82,1779,youknowwho_79,1794
1039,false,2688.0,34,Resign,Black,10+25,mrphaseolusvulgaris,1712,teeteddy,1832
743,true,2688.5,38,Mate,Black,5+8,mossall,1783,slon-al,1797
1115,true,2697.5,86,Mate,Black,10+0,otek7272,1613,s-a,1891
989,false,2699.0,51,Resign,White,10+0,nssf24,1674,aidenleahycrooks,1862
361,true,2700.0,92,Draw,Draw,8+10,tienc12345,1926,elham1,1737
1001,false,2700.0,18,Resign,Black,10+0,aidenleahycrooks,1862,yokyramirez,1769
1104,true,2700.0,39,Resign,White,10+0,s-a,1860,obivankenobi_ru,1770
161,true,2700.5,65,Out of Time,White,10+0,isachess,1853,tartetatin,1774
362,true,2701.5,64,Resign,Black,8+2,albinas,1629,tienc12345,1887
851,true,2703.0,70,Mate,Black,15+5,mario455,1660,ducksandcats,1873
971,true,2703.5,60,Resign,Black,30+0,ryan_duan_2,1887,eucliides,1760
103,true,2704.5,135,Mate,White,10+0,majid_alsalhi,1951,avelez8,1729
723,true,2705.0,82,Resign,Black,10+0,mark1984,1708,mirniy86,1851
1071,true,2705.5,90,Resign,Black,10+0,zovar,1463,superhero098,1974
960,true,2709.0,41,Resign,Black,45+45,bugzzila,1458,chess-brahs,1980
1207,true,2709.0,120,Mate,Black,10+0,xxpampy,1776,izzlanfarischess,1821
624,true,2709.5,54,Mate,Black,15+15,gr8_m8_m8_im_ir8,1739,samangan20,1840
101,true,2710.0,101,Resign,White,10+0,salah04,1942,avelez8,1739
118,true,2710.0,90,Resign,Black,10+0,ashishbarda,1884,cdvh,1768
1005,false,2711.5,70,Resign,Black,10+0,greminja,1699,aidenleahycrooks,1862
1002,false,2712.5,90,Mate,Black,10+0,unchosenones,1701,aidenleahycrooks,1862
1000,false,2714.0,50,Resign,White,10+0,brazil01,1704,aidenleahycrooks,1862
994,false,2716.0,21,Resign,White,10+10,deadintheend,1708,aidenleahycrooks,1862
102,true,2717.0,75,Out of Time,White,10+0,avelez8,1724,vincenzo2000,1855
1019,true,2718.5,62,Out of Time,Black,10+0,graton,1553,kardsalan,1942
188,true,2719.0,30,Resign,Black,15+0,isachess,1858,tajbo4,1790
985,false,2722.0,65,Mate,White,10+0,rahgozar_eng,1720,aidenleahycrooks,1862
916,true,2723.0,75,Mate,White,5+8,abischabi,1500,drunkpatzeruk,1973
121,true,2724.0,50,Resign,Black,10+0,chess-brahs,2036,cdvh,1706
753,true,2724.0,77,Resign,White,8+0,safin_241,1820,slon-al,1814
754,true,2724.0,76,Out of Time,Black,8+0,slon-al,1830,safin_241,1809
951,true,2724.0,50,Resign,Black,10+0,chess-brahs,2036,cdvh,1706
169,true,2725.5,58,Resign,White,30+0,isachess,1847,borvel,1802
192,true,2726.0,136,Resign,Black,15+0,clown_with_a_knife,1800,isachess,1826
1105,true,2726.0,50,Resign,Black,10+0,celestialteapot,1748,s-a,1852
1125,true,2726.0,80,Resign,Black,15+10,wikiplayschess,1672,s-a,1890
852,false,2726.5,36,Resign,Black,5+8,johnsmith97,1707,ducksandcats,1873
588,true,2728.5,34,Mate,Black,10+0,alaindubleu,1599,roman12342005,1929
1152,false,2729.0,40,Resign,Black,10+3,jeff1983,1850,bekzodjon,1804
172,true,2730.0,80,Resign,Black,5+5,isachess,1848,maxpiz5,1806
433,true,2730.0,57,Resign,White,10+0,kyanh,1536,trippinboris,1962
834,false,2730.5,80,Resign,White,8+15,ducksandcats,1821,vezir9,1820
752,true,2731.0,59,Mate,White,8+0,slon-al,1800,safin_241,1831
1122,true,2731.0,66,Resign,Black,20+5,matin1386,1712,s-a,1875
1134,true,2735.0,53,Resign,White,10+0,danielllos321,1650,s-a,1910
316,true,2737.0,81,Resign,White,25+5,bwalmer,1864,ajaysharma261253,1805
830,false,2737.0,48,Mate,Black,25+0,duckduckcow,1832,ducksandcats,1821
832,false,2737.0,31,Mate,White,25+0,duckduckcow,1832,ducksandcats,1821
984,false,2738.0,54,Resign,Black,10+0,aidenleahycrooks,1862,nevrotic,1807
1092,false,2740.0,54,Mate,Black,5+8,a_sonnadjoshi,1500,soy714,1990
274,true,2740.5,99,Resign,White,6+5,tabellaria,1613,rangelelbano,1934
1132,true,2740.5,56,Resign,Black,5+8,pavelkrnov,1727,s-a,1877
839,false,2742.0,28,Resign,Black,10+5,hammerheart,1824,ducksandcats,1830
829,false,2742.5,21,Resign,White,25+0,ducksandcats,1821,duckduckcow,1832
831,false,2742.5,89,Draw,Draw,25+0,ducksandcats,1821,duckduckcow,1832
1111,true,2744.5,32,Mate,Black,10+0,s-a,1895,matosan,1797
1097,true,2745.0,76,Resign,Black,10+0,syriatmam123,1654,s-a,1918
816,true,2747.0,16,Resign,Black,10+0,saviter,1730,a_th-19,1882
1018,true,2748.0,39,Resign,White,10+0,kardsalan,1944,bilja2233,1776
1079,true,2748.0,87,Resign,White,10+0,superhero098,2008,alfredgjoncari,1744
681,true,2749.5,27,Resign,White,10+5,chesscarl,2091,mahyir35,1704
173,true,2750.0,44,Resign,Black,15+0,isachess,1860,philiveykk,1820
288,true,2750.5,72,Out of Time,Black,10+0,nadanadora,1611,xtreh,1945
957,false,2751.0,11,Draw,Draw,60+0,chess-brahs,1990,msexeter,1756
185,true,2752.0,40,Resign,Black,15+0,seetripuu,1834,isachess,1835
204,true,2752.5,28,Resign,Black,7+2,taranga,1289,hknight_chess,2108
827,false,2752.5,108,Resign,Black,5+8,ducksandcats,1821,maxzep64,1842
116,true,2757.0,33,Resign,White,10+0,cdvh,1770,japcan,1872
171,true,2757.0,100,Out of Time,Black,15+0,demetrio50,1840,isachess,1837
183,true,2757.0,117,Mate,White,15+0,isachess,1856,abikhoshnavaz,1829
191,true,2757.5,178,Mate,Black,16+0,sergeylobanov,1843,isachess,1836
1098,true,2758.0,52,Mate,Black,10+0,zv_dim,1690,s-a,1913
1128,true,2758.0,75,Mate,White,10+0,s-a,1868,pimpacho,1824
1114,true,2758.5,38,Resign,Black,10+0,karmaboanil,1729,s-a,1894
1138,true,2758.5,30,Resign,Black,10+0,krobbi,1725,s-a,1896
836,false,2759.5,120,Mate,Black,11+0,mileadam,1877,ducksandcats,1821
1133,true,2759.5,129,Resign,Black,45+15,s-a,1891,bezzer,1814
1120,true,2760.0,78,Resign,Black,10+0,comtur,1750,s-a,1885
1003,false,2761.5,75,Mate,White,10+0,justinothe0ne,1799,aidenleahycrooks,1862
165,true,2762.0,34,Resign,White,25+25,zpectral-chess,1828,isachess,1848
890,true,2762.0,38,Resign,White,20+0,christina-a-11,1902,afrisham-iran,1811
590,true,2763.5,122,Mate,Black,10+0,manavalam2,1699,roman12342005,1914
981,false,2765.5,38,Resign,Black,10+0,alex0404,1807,aidenleahycrooks,1862
1043,false,2766.0,70,Resign,Black,30+30,soultego,2108,mrphaseolusvulgaris,1712
1101,true,2766.5,64,Resign,Black,10+0,grzybiarz85,1775,s-a,1879
182,true,2768.0,107,Draw,Draw,15+5,isachess,1866,claudiucojo,1835
186,true,2768.0,59,Resign,White,15+5,seif22,1846,isachess,1845
184,true,2768.5,44,Resign,White,10+0,isachess,1845,sakkkakas,1846
1126,true,2768.5,121,Resign,White,10+0,s-a,1881,pimpacho,1828
315,true,2769.0,65,Resign,White,25+5,ernestillo,1790,bwalmer,1874
164,true,2770.0,70,Resign,Black,15+5,tohaimr7,1860,isachess,1840
782,true,2770.5,80,Resign,Black,10+0,saviter,1695,morg1515,1923
854,true,2774.0,61,Resign,White,8+0,ducksandcats,1864,bobbytal,1842
958,false,2774.0,3,Draw,Draw,60+0,chess-brahs,1990,niftyleopard,1779
160,true,2774.5,76,Resign,Black,15+0,isachess,1861,pogrib,1844
174,true,2776.0,40,Out of Time,Black,10+0,azcatdave,1854,isachess,1849
177,false,2776.0,144,Out of Time,Draw,10+0,isachess,1866,teguhmaster,1843
1130,true,2776.5,77,Resign,White,5+15,s-a,1871,gauder,1841
157,true,2778.0,65,Out of Time,White,7+2,isachess,1852,roshan_ie,1852
853,true,2778.0,124,Draw,Draw,10+0,axela,1806,ducksandcats,1875
318,true,2778.5,52,Resign,White,25+5,bwalmer,1851,yura_kudelia_12,1853
158,true,2779.5,73,Resign,White,15+0,cliff_walker,1833,isachess,1863
170,false,2779.5,34,Resign,Black,20+5,isachess,1847,homayoni,1856
287,false,2779.5,71,Resign,White,15+15,nadanadora,1611,xad55toque,1974
855,true,2779.5,66,Out of Time,Black,8+0,bobbytal,1853,ducksandcats,1853
837,true,2781.0,38,Resign,White,30+25,konst767,1902,ducksandcats,1830
856,true,2781.0,20,Resign,Black,14+0,trenujeme_sach,1882,ducksandcats,1840
181,true,2782.5,158,Mate,Black,6+6,humb,1835,isachess,1865
189,true,2782.5,54,Resign,Black,10+0,nespil,1871,isachess,1847
178,false,2783.5,81,Resign,Black,10+0,nf3isstrong,1835,isachess,1866
1109,false,2783.5,46,Resign,Black,10+5,marcosi99,1821,s-a,1873
166,true,2785.5,69,Out of Time,White,8+0,javier_temperley,1855,isachess,1858
699,true,2787.0,60,Resign,Black,15+0,starfire777,1906,rfqjr,1834
1118,true,2789.0,72,Mate,Black,10+0,ezzdinus,1784,s-a,1897
1108,true,2789.5,35,Resign,White,20+10,olek333,1833,s-a,1873
842,true,2790.5,44,Resign,Black,8+0,invitado79,1891,ducksandcats,1845
1129,true,2790.5,36,Resign,White,10+15,oktay0007,1819,s-a,1881
190,true,2792.0,69,Resign,Black,10+0,isachess,1846,turix,1869
319,true,2793.5,51,Resign,White,10+0,spendius,1861,bwalmer,1863
1100,true,2793.5,26,Resign,Black,10+5,whitewing,1813,s-a,1887
843,true,2794.0,55,Resign,White,25+0,slon11,1876,ducksandcats,1856
948,false,2794.0,66,Draw,Draw,10+10,chess-brahs,1950,berkaybahadr,1819
156,true,2794.5,111,Resign,White,10+10,japonxino,1865,isachess,1862
486,true,2794.5,98,Resign,Black,5+5,fischerdipper,1703,leviatoff,1943
751,true,2796.5,30,Resign,Black,8+0,slon-al,1815,dalmatinac,1889
1131,true,2798.0,33,Resign,White,5+15,gauder,1828,s-a,1884
168,true,2798.5,107,Resign,White,10+10,jadesummer,1885,isachess,1856
179,true,2798.5,69,Resign,Black,15+0,isachess,1877,dzigibau,1860
180,true,2798.5,77,Mate,White,7+8,edil1800,1849,isachess,1874
755,true,2799.0,34,Resign,White,9+1,sasa1234,1914,slon-al,1842
1047,false,2802.0,58,Resign,Black,8+0,blacktundro,2180,mrphaseolusvulgaris,1712
1107,true,2803.5,30,Resign,Black,10+0,s-a,1861,killaunknown,1873
1117,true,2803.5,34,Resign,Black,10+15,s-a,1905,hosein76,1851
987,false,2804.0,67,Resign,Black,10+0,alfdl,1884,aidenleahycrooks,1862
701,true,2804.5,49,Resign,White,15+0,willconquer,1905,rfqjr,1852
1099,true,2805.0,204,Out of Time,Black,7+2,mja1991,1818,s-a,1896
175,true,2806.5,105,Out of Time,White,10+0,fikr,1895,isachess,1859
593,true,2808.0,116,Resign,Black,10+0,decky84,1758,roman12342005,1929
846,true,2812.0,98,Resign,Black,15+10,chess_pro_107,1922,ducksandcats,1851
972,true,2813.0,73,Resign,White,15+10,vasyap,1826,ryan_duan_2,1900
8,false,2814.5,9,Resign,Black,15+30,daniel_likes_chess,1413,soultego,2108
1015,false,2814.5,102,Draw,Draw,10+0,kardsalan,1955,assad,1837
1044,false,2815.0,24,Resign,Black,10+0,mrphaseolusvulgaris,1712,alpv,1959
163,true,2815.5,59,Resign,White,10+0,isachess,1851,robinhood76,1890
844,true,2816.5,92,Resign,Black,15+5,ducksandcats,1867,2700172,1883
162,true,2817.0,41,Mate,White,10+0,juncinmestrella,1910,isachess,1862
167,true,2818.5,63,Resign,White,10+10,isachess,1847,jadesummer,1895
649,true,2819.0,41,Mate,White,10+0,chesscarl,2312,mario-panagiotis,1663
120,true,2820.0,49,Out of Time,White,8+0,cdvh,1724,capito2017,1958
1116,true,2824.0,43,Resign,White,10+15,hosein76,1864,s-a,1892
1123,true,2826.0,29,Mate,White,6+3,fabio_magagnin57,1878,s-a,1887
847,true,2829.5,24,Mate,Black,15+10,ducksandcats,1861,chess_pro_107,1899
756,true,2831.0,53,Resign,Black,9+1,slon-al,1856,sasa1234,1903
1151,true,2833.0,78,Mate,Black,20+0,bekzodjon,1804,viljamijii,1931
1076,true,2834.0,75,Out of Time,White,10+0,superhero098,2014,mwafakalhaswa,1827
397,true,2834.5,31,Resign,Black,5+5,spikyturtle,1373,zuzino,2148
187,false,2839.5,110,Resign,Black,10+0,isachess,1845,nicolo97,1917
360,true,2841.5,96,Resign,Black,15+0,rajapirka,1841,tienc12345,1921
159,true,2843.5,125,Resign,White,15+0,isachess,1851,sergej1956,1918
850,false,2845.0,85,Resign,White,10+5,ducksandcats,1878,jtg2016,1906
954,true,2845.5,30,Mate,Black,15+0,arda2828,1675,chess-brahs,2008
583,true,2848.0,161,Mate,White,10+0,roman12342005,1960,selami011235,1868
882,false,2848.0,38,Mate,Black,10+0,yeaheatdick,1500,christina-a-11,2098
869,false,2848.5,115,Draw,Draw,5+60,sunwatair57,1923,smartduckduckcow,1887
1083,true,2851.5,52,Resign,Black,10+0,gramo,1749,superhero098,1977
905,false,2855.5,20,Resign,White,10+15,lance5500,2621,cookieblake,1545
601,false,2858.5,158,Draw,Draw,5+5,megatirfan,1617,total_chess,2050
589,true,2860.0,94,Resign,Black,10+0,milanello,1882,roman12342005,1919
945,false,2860.0,78,Mate,Black,10+10,chess-brahs,1950,lcf64,1885
1084,true,2861.5,62,Resign,Black,10+0,bernec,1781,superhero098,1971
598,false,2863.5,62,Resign,Black,5+5,mr_pablo,1627,total_chess,2050
600,false,2863.5,42,Resign,Black,5+5,mr_pablo,1627,total_chess,2050
1127,true,2864.0,140,Draw,Draw,10+0,gorvlad-61,1972,s-a,1878
292,true,2864.5,69,Draw,Draw,20+0,nadanadora,1611,qaisahleyorof,2059
1174,true,2866.0,72,Mate,Black,10+0,grebonachessmaster,1968,skuppam3,1882
1038,false,2871.0,63,Resign,Black,10+0,mrphaseolusvulgaris,1712,zijakg,2015
793,true,2872.5,103,Draw,Draw,10+0,saviter,1729,bayron45,2008
602,false,2877.0,31,Resign,White,5+5,total_chess,2050,denapoli,1852
1110,true,2883.0,35,Mate,White,10+0,kian008,2004,s-a,1881
579,true,2886.0,54,Resign,Black,10+0,roman12342005,1974,gholamreza1341,1899
1081,true,2886.5,96,Draw,Draw,10+0,majid_alsalhi,1777,superhero098,1998
79,true,2894.5,47,Resign,Black,15+5,oldpaths,1579,iris_foxspring,2105
1070,true,2895.5,64,Resign,Black,10+0,superhero098,1975,wqf7,1908
176,true,2898.0,50,Resign,Black,15+0,isachess,1866,samdooley,1965
1136,true,2899.5,51,Resign,White,10+0,s-a,1907,bogdanoff,1946
889,true,2901.0,90,Mate,Black,20+0,christina-a-11,1950,tttony,1926
1135,true,2905.0,22,Resign,White,10+0,komarik,1968,s-a,1921
1082,true,2908.0,33,Resign,White,10+0,superhero098,1982,ramonsantana44,1917
1205,true,2908.0,80,Resign,Black,10+0,bobc,2000,izzlanfarischess,1908
658,true,2909.5,30,Resign,Black,10+0,rodrigo-sagastegui,1293,chesscarl,2263
875,true,2910.0,29,Resign,White,10+0,christina-a-11,2210,mouhieddine,1805
877,true,2910.0,43,Resign,White,10+0,christina-a-11,2200,mouhieddine,1810
1077,true,2911.5,94,Out of Time,Black,10+0,ahmedbakeer,1807,superhero098,2008
679,true,2913.5,107,Resign,White,10+5,oilen1401,1609,chesscarl,2109
585,true,2922.0,148,Draw,Draw,10+0,kingpong,1914,roman12342005,1965
678,true,2923.0,100,Mate,Black,10+5,thorfabian,1788,chesscarl,2029
1124,true,2924.5,154,Out of Time,Black,10+0,s-a,1895,j0hncap0ne,1977
661,true,2929.0,78,Resign,Black,10+0,hayki34,1380,chesscarl,2239
1075,true,2929.5,63,Mate,White,10+0,ahmedbakeer,1819,superhero098,2020
1013,true,2930.0,61,Resign,White,10+0,caddy,1960,kardsalan,1950
1203,true,2931.5,67,Resign,White,10+0,izzlanfarischess,2021,leoilan,1921
577,true,2933.5,48,Draw,Draw,10+0,sanmarco,1945,roman12342005,1961
952,false,2933.5,40,Resign,Black,10+0,turkchessboy123,1795,chess-brahs,2036
700,true,2935.5,122,Out of Time,Black,15+0,rfqjr,1841,rostfrei,2015
445,true,2936.0,60,Resign,Black,10+0,kyanh,1488,vikingo31,2192
677,true,2936.5,49,Resign,Black,10+5,thorfabian,1783,chesscarl,2045
1012,true,2938.0,74,Mate,Black,10+0,maltetillmarconi,1972,kardsalan,1952
570,true,2940.0,58,Resign,Black,10+0,brodskay,1984,roman12342005,1948
1202,true,2940.5,63,Resign,White,10+0,izzlanfarischess,2053,leoilan,1914
1113,true,2943.5,132,Resign,Black,10+0,s-a,1901,velkymatko,1993
1204,true,2944.0,40,Resign,Black,10+0,leoilan,1930,izzlanfarischess,1979
676,true,2948.0,10,Resign,Black,10+5,thorfabian,1778,chesscarl,2059
680,true,2950.5,44,Mate,Black,10+5,mahyir35,1701,chesscarl,2100
578,true,2951.0,56,Draw,Draw,10+0,tolia,1982,roman12342005,1960
1173,true,2955.0,65,Mate,White,10+0,skuppam3,1996,grebonachessmaster,1957
572,false,2958.0,101,Resign,White,10+0,thebadfish,2008,roman12342005,1954
574,false,2958.0,54,Resign,Black,10+0,thebadfish,2008,roman12342005,1954
675,true,2958.0,100,Resign,Black,10+5,thorfabian,1774,chesscarl,2071
883,true,2959.0,47,Resign,White,10+0,christina-a-11,2078,ammar_alomda,1920
990,false,2963.5,75,Resign,White,10+0,maxwell_can,2203,aidenleahycrooks,1862
817,false,2967.0,47,Resign,White,60+10,sanmarcos,2334,niftyleopard,1800
582,true,2971.5,45,Resign,White,10+0,soltan1800,2005,roman12342005,1969
1073,false,2972.0,68,Resign,Black,10+0,adenildo,1950,superhero098,1997
1068,true,2975.0,141,Resign,White,7+4,superhero098,1976,cuxhaven,1987
1067,true,2976.0,63,Resign,White,7+4,cuxhaven,1976,superhero098,1988
1069,true,2978.5,92,Mate,Black,8+0,soosi98,2035,superhero098,1961
917,true,2981.5,160,Resign,Black,15+5,oldscout108,2105,ningyuan,1929
573,false,2985.0,35,Resign,Black,10+0,roman12342005,1954,thebadfish,2008
575,false,2985.0,116,Resign,Black,10+0,roman12342005,1954,thebadfish,2008
886,true,2987.5,34,Resign,Black,60+20,radiz,2143,christina-a-11,1916
668,true,2990.0,57,Resign,White,10+5,chesscarl,2150,ratnikmora,1915
623,true,2992.5,50,Resign,Black,15+15,gr8_m8_m8_im_ir8,1731,schachlerno,2127
641,true,2998.0,39,Resign,White,10+0,chesscarl,2336,christopho,1830
1085,true,3001.0,63,Resign,White,8+5,gavrilinfamily,2040,superhero098,1981
885,true,3002.0,47,Resign,White,10+0,christina-a-11,1986,kolatt,2009
642,true,3003.0,49,Resign,White,10+0,chesscarl,2334,kiterdekel,1836
1008,false,3004.0,36,Resign,Black,5+8,aidenleahycrooks,1862,nstsonkov,2073
604,false,3006.0,20,Resign,Black,5+5,total_chess,2050,superiority,1981
581,true,3007.5,81,Resign,White,10+0,roman12342005,1959,cocomoko,2028
587,true,3007.5,60,Resign,Black,10+0,lyckyfisher,2149,roman12342005,1933
1066,false,3008.5,72,Resign,White,15+0,ranko898,2065,superhero098,1976
1172,true,3009.0,55,Resign,White,8+0,skuppam3,2062,silverman2,1978
576,true,3010.0,115,Mate,White,10+0,gg_easytobeatme_yt,2100,roman12342005,1960
580,true,3016.0,37,Resign,White,10+0,chess_legend_rus,2068,roman12342005,1982
963,false,3018.0,30,Resign,Black,10+0,tomerari,2102,chess-brahs,1967
365,true,3022.0,40,Resign,Black,10+0,joselito-carnaval,1780,arjunshenoyk,2132
666,true,3023.5,70,Resign,White,10+5,chesscarl,2175,krembrule,1936
586,true,3024.5,119,Mate,White,10+0,roman12342005,1951,dmekro,2049
682,true,3026.5,72,Resign,Black,10+5,superii,1931,chesscarl,2061
603,false,3040.5,46,Resign,Black,5+5,superiority,1981,total_chess,2050
670,true,3041.0,56,Resign,Black,10+5,foucheval,1830,chesscarl,2126
596,false,3042.0,65,Resign,White,5+5,sheshengy,1984,total_chess,2050
645,true,3042.5,41,Resign,White,10+0,chesscarl,2323,angel2006,1881
673,true,3045.0,66,Resign,Black,10+5,bshma,1918,chesscarl,2086
659,true,3050.5,55,Mate,White,10+0,chesscarl,2257,withouttroble,1922
1014,true,3054.5,15,Resign,White,10+0,persian-golff,2199,kardsalan,1955
1016,true,3058.5,129,Out of Time,White,10+0,kardsalan,1937,mrhorta50,2090
667,true,3064.5,83,Resign,White,10+5,chesscarl,2161,grewia,1984
871,true,3068.5,113,Resign,White,9+0,christina-a-11,2215,supermancito,1961
1080,true,3080.5,90,Resign,Black,10+0,tonoyanrob7,2179,superhero098,1991
1087,true,3083.5,55,Resign,White,10+0,everybodylovesjesus,2131,ahmd11,2018
1086,true,3084.0,132,Mate,Black,10+0,knightofchess90,1890,everybodylovesjesus,2139
654,true,3088.5,61,Mate,White,10+0,chesscarl,2283,sergey197316,1947
878,true,3097.5,33,Resign,Black,10+0,joseph95,1805,christina-a-11,2195
884,true,3104.5,82,Resign,Black,10+0,canibalchess,2151,christina-a-11,2029
671,true,3105.5,46,Resign,Black,10+5,comped,2001,chesscarl,2105
876,true,3108.5,26,Resign,Black,10+0,mouhieddine,1807,christina-a-11,2205
874,true,3116.5,65,Resign,Black,10+0,mouhieddine,1803,christina-a-11,2215
1074,true,3116.5,63,Mate,White,8+0,emiliooo,2229,superhero098,2002
669,true,3123.0,39,Resign,Black,10+5,ibonuribeetxebarria,1976,chesscarl,2135
646,true,3133.0,48,Resign,Black,10+0,aca021,1622,chesscarl,2322
662,true,3133.0,34,Resign,Black,10+0,klemi,1796,chesscarl,2235
991,false,3134.0,36,Resign,Black,10+0,aidenleahycrooks,1862,maxwell_can,2203
571,true,3135.0,34,Resign,Black,10+0,roman12342005,1954,rindu38,2158
657,true,3137.5,41,Resign,White,10+0,chesscarl,2263,wevertonsoares,2006
655,true,3153.5,19,Resign,White,10+0,chesscarl,2275,anna1605,2016
664,true,3167.5,49,Resign,White,10+0,chesscarl,2217,g_king,2059
663,true,3169.5,56,Mate,Black,10+0,mavrincbor,1879,chesscarl,2230
880,true,3172.5,42,Resign,Black,25+25,philosophorum,2051,christina-a-11,2147
881,true,3178.5,61,Resign,White,25+25,christina-a-11,2121,philosophorum,2118
946,false,3179.0,29,Draw,Draw,10+10,chess-brahs,1950,hugomazochi,2204
643,true,3181.5,43,Resign,White,10+0,chesscarl,2329,a_b_d_o,2017
943,false,3187.0,55,Out of Time,White,10+0,chess-brahs,1950,ya_boy_agent,2212
652,true,3191.0,29,Resign,White,10+0,chesscarl,2300,grosschess,2041
870,false,3195.5,100,Mate,Black,9+0,supermancito,1961,christina-a-11,2215
1168,true,3197.0,39,Resign,White,8+0,skuppam3,2272,gmnietzsche,2061
1170,true,3214.5,66,Resign,Black,25+25,knightvision-mtl,2063,skuppam3,2183
651,true,3224.5,74,Resign,Black,10+0,slobodan7,1835,chesscarl,2307
656,true,3225.5,48,Resign,Black,10+0,fire_on_the_board,1909,chesscarl,2271
766,true,3228.5,63,Mate,White,5+5,amir2002zzz,2447,nagyc42,2005
725,true,3231.5,59,Resign,Black,15+5,markovits75,1969,enialios,2247
724,true,3240.0,64,Resign,Black,15+5,markovits75,1960,enialios,2260
1165,false,3240.5,32,Resign,Black,20+0,mehdi271,1855,skuppam3,2313
650,true,3242.0,28,Resign,Black,10+0,vchess4,1866,chesscarl,2309
591,true,3243.0,44,Resign,Black,10+0,roman12342005,1916,chessmaste,2285
873,true,3254.5,51,Resign,White,15+0,christina-a-11,2215,vedenichev__serega,2147
879,true,3261.5,54,Resign,Black,15+2,elysiantri,2189,christina-a-11,2167
644,true,3265.5,84,Mate,Black,10+0,angel2006,1879,chesscarl,2326
584,true,3269.0,88,Resign,Black,10+0,roman12342005,1964,kingscrusher-youtube,2287
772,true,3276.0,39,Resign,White,5+5,amir2002zzz,2418,horuspower,2067
1078,true,3280.5,102,Resign,Black,10+0,superhero098,2013,blablub,2274
647,true,3284.5,48,Mate,Black,10+0,rigoberto_22,1933,chesscarl,2318
1167,true,3289.5,41,Resign,White,10+10,skuppam3,2291,cplyakap1905,2144
653,true,3292.0,45,Resign,White,10+0,chesscarl,2288,danielsor,2148
872,true,3298.5,125,Resign,White,9+0,christina-a-11,2215,theanal,2191
1171,true,3301.5,66,Resign,White,10+0,skuppam3,2109,kasimka,2247
648,true,3304.5,38,Resign,Black,10+0,heisenberg3,1983,chesscarl,2313
1088,true,3310.0,95,Mate,White,10+0,everybodylovesjesus,2116,bpd152,2252
1164,true,3324.5,10,Resign,Black,20+0,skuppam3,2313,master_1955,2168
660,true,3334.5,72,Resign,Black,10+0,bdoq,2191,chesscarl,2239
665,true,3353.0,72,Mate,Black,10+0,peshkach,2336,chesscarl,2185
774,true,3386.5,65,Resign,White,5+5,amir2002zzz,2409,onlyprogress,2182
1169,true,3387.0,50,Resign,Black,10+0,jagelka,2344,skuppam3,2215
776,true,3404.5,98,Resign,Black,6+10,amazo,2015,amir2002zzz,2397
768,true,3429.0,99,Resign,White,9+3,amir2002zzz,2432,mohmohcom2,2213
761,true,3448.5,48,Mate,Black,8+0,jogandochess,1973,amir2002zzz,2462
759,true,3450.5,57,Resign,White,5+5,amir2002zzz,2469,donidali,2216
773,true,3456.5,28,Resign,Black,5+5,ss96,2083,amir2002zzz,2415
763,true,3470.0,71,Resign,White,5+5,amir2002zzz,2460,iwin10,2240
1166,true,3489.5,50,Draw,Draw,15+10,zihi,2353,skuppam3,2313
640,true,3500.5,62,Resign,Black,10+0,lebbeusz2450,2325,chesscarl,2338
764,true,3508.0,26,Resign,Black,5+5,jhoynnertello,2104,amir2002zzz,2456
771,true,3525.0,112,Resign,Black,8+0,mandre,2208,amir2002zzz,2421
775,true,3540.5,21,Resign,Black,5+5,dmitriy_duyun,2281,amir2002zzz,2400
639,true,3542.5,50,Resign,Black,10+0,thelordoftheboard,2373,chesscarl,2356
757,true,3550.5,178,Draw,Draw,5+5,happyspyros,2153,amir2002zzz,2474
769,true,3552.5,36,Resign,Black,8+0,muemmelmann,2255,amir2002zzz,2425
637,true,3558.0,86,Resign,Black,10+0,chilon,2306,chesscarl,2405
760,true,3574.0,42,Resign,Black,5+5,donidali,2220,amir2002zzz,2464
770,true,3574.0,153,Draw,Draw,5+5,amir2002zzz,2428,fairygirl,2360
767,true,3591.0,86,Resign,Black,5+8,kazan2502,2306,amir2002zzz,2438
638,true,3597.0,58,Resign,Black,10+0,loebas,2422,chesscarl,2386
765,true,3599.5,32,Resign,Black,5+5,ladratov,2301,amir2002zzz,2449
762,true,3616.5,33,Draw,Draw,5+5,amir2002zzz,2465,fourninetysix,2384
758,true,3714.0,91,Draw,Draw,5+5,amir2002zzz,2474,vovaches,2477
